Instrument,Constituent RIC,Constituent Name,Date,Index
.BFX,SOLB.BR,SOLVAY ORD,2019-12-31,.BFX
.BFX,ACKB.BR,ACKERMANS V.HAAR ORD,2019-12-31,.BFX
.BFX,ARGX.BR,ARGEN X NV,2019-12-31,.BFX
.BFX,PROX.BR,PROXIMUS,2019-12-31,.BFX
.BFX,INGA.AS,ING GROEP ORD,2019-12-31,.BFX
.BFX,ONTEX.BR,ONTEX GRP NV,2019-12-31,.BFX
.BFX,APAM.AS,APERAM ORD,2019-12-31,.BFX
.BFX,TNET.BR^J23,TELENET GRP HLDG ORD,2019-12-31,.BFX
.BFX,WDPP.BR,WDP-SICAFI REIT,2019-12-31,.BFX
.BFX,GBLB.BR,GROUPE BRUXELLES LAMBERT ORD,2019-12-31,.BFX
.BFX,AGES.BR,AGEAS(EX-FORTIS) ORD,2019-12-31,.BFX
.BFX,COFB.BR,COFINIMMO,2019-12-31,.BFX
.BFX,GLPG.AS,GALAPAGOS ORD,2019-12-31,.BFX
.BFX,UMI.BR,UMICORE ORD,2019-12-31,.BFX
.BFX,ABI.BR,ANHEUSER-BUSCH INBEV SA/NV ORD,2019-12-31,.BFX
.BFX,COLR.BR,ETABLISSEMENTS COLRUYT ORD,2019-12-31,.BFX
.BFX,SOF.BR,SOFINA ORD,2019-12-31,.BFX
.BFX,KBC.BR,KBC GROEP ORD,2019-12-31,.BFX
.BFX,UCB.BR,UCB ORD,2019-12-31,.BFX
.BFX,BAR.BR,BARCO ORD,2019-12-31,.BFX
.BFX,SOLB.BR,SOLVAY ORD,2020-12-31,.BFX
.BFX,ACKB.BR,ACKERMANS V.HAAR ORD,2020-12-31,.BFX
.BFX,ARGX.BR,ARGEN X NV,2020-12-31,.BFX
.BFX,PROX.BR,PROXIMUS,2020-12-31,.BFX
.BFX,INGA.AS,ING GROEP ORD,2020-12-31,.BFX
.BFX,APAM.AS,APERAM ORD,2020-12-31,.BFX
.BFX,TNET.BR^J23,TELENET GRP HLDG ORD,2020-12-31,.BFX
.BFX,WDPP.BR,WDP-SICAFI REIT,2020-12-31,.BFX
.BFX,AOO.BR,AEDIFICA SA,2020-12-31,.BFX
.BFX,GBLB.BR,GROUPE BRUXELLES LAMBERT ORD,2020-12-31,.BFX
.BFX,AGES.BR,AGEAS(EX-FORTIS) ORD,2020-12-31,.BFX
.BFX,COFB.BR,COFINIMMO,2020-12-31,.BFX
.BFX,GLPG.AS,GALAPAGOS ORD,2020-12-31,.BFX
.BFX,UMI.BR,UMICORE ORD,2020-12-31,.BFX
.BFX,ABI.BR,ANHEUSER-BUSCH INBEV SA/NV ORD,2020-12-31,.BFX
.BFX,COLR.BR,ETABLISSEMENTS COLRUYT ORD,2020-12-31,.BFX
.BFX,SOF.BR,SOFINA ORD,2020-12-31,.BFX
.BFX,KBC.BR,KBC GROEP ORD,2020-12-31,.BFX
.BFX,UCB.BR,UCB ORD,2020-12-31,.BFX
.BFX,BAR.BR,BARCO ORD,2020-12-31,.BFX
.BFX,SOLB.BR,SOLVAY ORD,2021-12-31,.BFX
.BFX,ACKB.BR,ACKERMANS V.HAAR ORD,2021-12-31,.BFX
.BFX,ARGX.BR,ARGEN X NV,2021-12-31,.BFX
.BFX,PROX.BR,PROXIMUS,2021-12-31,.BFX
.BFX,APAM.AS,APERAM ORD,2021-12-31,.BFX
.BFX,TNET.BR^J23,TELENET GRP HLDG ORD,2021-12-31,.BFX
.BFX,ELI.BR,ELIA SYSTEM OPERATOR ORD,2021-12-31,.BFX
.BFX,WDPP.BR,WDP-SICAFI REIT,2021-12-31,.BFX
.BFX,AOO.BR,AEDIFICA SA,2021-12-31,.BFX
.BFX,MLXS.BR,MELEXIS ORD,2021-12-31,.BFX
.BFX,GBLB.BR,GROUPE BRUXELLES LAMBERT ORD,2021-12-31,.BFX
.BFX,AGES.BR,AGEAS(EX-FORTIS) ORD,2021-12-31,.BFX
.BFX,COFB.BR,COFINIMMO,2021-12-31,.BFX
.BFX,GLPG.AS,GALAPAGOS ORD,2021-12-31,.BFX
.BFX,UMI.BR,UMICORE ORD,2021-12-31,.BFX
.BFX,ABI.BR,ANHEUSER-BUSCH INBEV SA/NV ORD,2021-12-31,.BFX
.BFX,COLR.BR,ETABLISSEMENTS COLRUYT ORD,2021-12-31,.BFX
.BFX,SOF.BR,SOFINA ORD,2021-12-31,.BFX
.BFX,KBC.BR,KBC GROEP ORD,2021-12-31,.BFX
.BFX,UCB.BR,UCB ORD,2021-12-31,.BFX
.BFX,SOLB.BR,SOLVAY ORD,2022-12-31,.BFX
.BFX,ACKB.BR,ACKERMANS V.HAAR ORD,2022-12-31,.BFX
.BFX,ARGX.BR,ARGEN X NV,2022-12-31,.BFX
.BFX,PROX.BR,PROXIMUS,2022-12-31,.BFX
.BFX,APAM.AS,APERAM ORD,2022-12-31,.BFX
.BFX,ELI.BR,ELIA SYSTEM OPERATOR ORD,2022-12-31,.BFX
.BFX,WDPP.BR,WDP-SICAFI REIT,2022-12-31,.BFX
.BFX,AOO.BR,AEDIFICA SA,2022-12-31,.BFX
.BFX,GBLB.BR,GROUPE BRUXELLES LAMBERT ORD,2022-12-31,.BFX
.BFX,AGES.BR,AGEAS(EX-FORTIS) ORD,2022-12-31,.BFX
.BFX,IETB.BR,D'IETEREN ORD,2022-12-31,.BFX
.BFX,COFB.BR,COFINIMMO,2022-12-31,.BFX
.BFX,GLPG.AS,GALAPAGOS ORD,2022-12-31,.BFX
.BFX,UMI.BR,UMICORE ORD,2022-12-31,.BFX
.BFX,VGP1.BR,VGP ORD,2022-12-31,.BFX
.BFX,ABI.BR,ANHEUSER-BUSCH INBEV SA/NV ORD,2022-12-31,.BFX
.BFX,COLR.BR,ETABLISSEMENTS COLRUYT ORD,2022-12-31,.BFX
.BFX,SOF.BR,SOFINA ORD,2022-12-31,.BFX
.BFX,KBC.BR,KBC GROEP ORD,2022-12-31,.BFX
.BFX,UCB.BR,UCB ORD,2022-12-31,.BFX
.BFX,SOLB.BR,SOLVAY ORD,2023-12-31,.BFX
.BFX,ACKB.BR,ACKERMANS V.HAAR ORD,2023-12-31,.BFX
.BFX,SYENS.BR,SYENSQO ORD SHS,2023-12-31,.BFX
.BFX,ARGX.BR,ARGEN X NV,2023-12-31,.BFX
.BFX,PROX.BR,PROXIMUS,2023-12-31,.BFX
.BFX,APAM.AS,APERAM ORD,2023-12-31,.BFX
.BFX,ELI.BR,ELIA SYSTEM OPERATOR ORD,2023-12-31,.BFX
.BFX,WDPP.BR,WDP-SICAFI REIT,2023-12-31,.BFX
.BFX,AOO.BR,AEDIFICA SA,2023-12-31,.BFX
.BFX,MLXS.BR,MELEXIS ORD,2023-12-31,.BFX
.BFX,GBLB.BR,GROUPE BRUXELLES LAMBERT ORD,2023-12-31,.BFX
.BFX,AGES.BR,AGEAS(EX-FORTIS) ORD,2023-12-31,.BFX
.BFX,IETB.BR,D'IETEREN ORD,2023-12-31,.BFX
.BFX,COFB.BR,COFINIMMO,2023-12-31,.BFX
.BFX,GLPG.AS,GALAPAGOS ORD,2023-12-31,.BFX
.BFX,UMI.BR,UMICORE ORD,2023-12-31,.BFX
.BFX,ABI.BR,ANHEUSER-BUSCH INBEV SA/NV ORD,2023-12-31,.BFX
.BFX,SOF.BR,SOFINA ORD,2023-12-31,.BFX
.BFX,KBC.BR,KBC GROEP ORD,2023-12-31,.BFX
.BFX,UCB.BR,UCB ORD,2023-12-31,.BFX
.BFX,SOLB.BR,SOLVAY ORD,2024-12-31,.BFX
.BFX,ACKB.BR,ACKERMANS V.HAAR ORD,2024-12-31,.BFX
.BFX,SYENS.BR,SYENSQO ORD SHS,2024-12-31,.BFX
.BFX,ARGX.BR,ARGEN X NV,2024-12-31,.BFX
.BFX,ELI.BR,ELIA SYSTEM OPERATOR ORD,2024-12-31,.BFX
.BFX,WDPP.BR,WDP-SICAFI REIT,2024-12-31,.BFX
.BFX,AOO.BR,AEDIFICA SA,2024-12-31,.BFX
.BFX,MLXS.BR,MELEXIS ORD,2024-12-31,.BFX
.BFX,GBLB.BR,GROUPE BRUXELLES LAMBERT ORD,2024-12-31,.BFX
.BFX,AGES.BR,AGEAS(EX-FORTIS) ORD,2024-12-31,.BFX
.BFX,IETB.BR,D'IETEREN ORD,2024-12-31,.BFX
.BFX,COFB.BR,COFINIMMO,2024-12-31,.BFX
.BFX,GLPG.AS,GALAPAGOS ORD,2024-12-31,.BFX
.BFX,UMI.BR,UMICORE ORD,2024-12-31,.BFX
.BFX,AZE.BR,AZELIS CORPORATE SERVICES NV ORD,2024-12-31,.BFX
.BFX,LOTB.BR,LOTUS BAKERIES ORD,2024-12-31,.BFX
.BFX,ABI.BR,ANHEUSER-BUSCH INBEV SA/NV ORD,2024-12-31,.BFX
.BFX,SOF.BR,SOFINA ORD,2024-12-31,.BFX
.BFX,KBC.BR,KBC GROEP ORD,2024-12-31,.BFX
.BFX,UCB.BR,UCB ORD,2024-12-31,.BFX
.OMXC20,GMAB.CO,GENMAB ORD,2019-12-31,.OMXC20 
.OMXC20,MAERSKb.CO,MOELLER MAERSK B ORD,2019-12-31,.OMXC20 
.OMXC20,SIM.CO^J23,SIMCORP ORD,2019-12-31,.OMXC20 
.OMXC20,VWS.CO,VESTAS WIND SYSTEMS ORD,2019-12-31,.OMXC20 
.OMXC20,NSISb.CO,NOVOZYMES ORD,2019-12-31,.OMXC20 
.OMXC20,RBREW.CO,ROYAL UNIBREW ORD,2019-12-31,.OMXC20 
.OMXC20,NOVOb.CO,NOVO-NORDISK ORD,2019-12-31,.OMXC20 
.OMXC20,ORSTED.CO,ORSTED ORD,2019-12-31,.OMXC20 
.OMXC20,DANSKE.CO,DANSKE BANK ORD,2019-12-31,.OMXC20 
.OMXC20,CHRH.CO^A24,CHRISTIAN HANSEN HOLDING ORD,2019-12-31,.OMXC20 
.OMXC20,GN.CO,GN STORE NORD ORD,2019-12-31,.OMXC20 
.OMXC20,DEMANT.CO,DEMANT ORD,2019-12-31,.OMXC20 
.OMXC20,AMBUb.CO,AMBU ORD,2019-12-31,.OMXC20 
.OMXC20,ISS.CO,ISS A/S,2019-12-31,.OMXC20 
.OMXC20,TRYG.CO,TRYGVESTA ORD,2019-12-31,.OMXC20 
.OMXC20,LUN.CO^F22,H.LUNDBECK ORD,2019-12-31,.OMXC20 
.OMXC20,DSV.CO,DSV PANALPINA ORD,2019-12-31,.OMXC20 
.OMXC20,CARLb.CO,CARLSBERG ORD,2019-12-31,.OMXC20 
.OMXC20,PNDORA.CO,PANDORA ORD,2019-12-31,.OMXC20 
.OMXC20,COLOb.CO,COLOPLAST ORD,2019-12-31,.OMXC20 
.OMXC20,GMAB.CO,GENMAB ORD,2020-12-31,.OMXC20 
.OMXC20,MAERSKb.CO,MOELLER MAERSK B ORD,2020-12-31,.OMXC20 
.OMXC20,SIM.CO^J23,SIMCORP ORD,2020-12-31,.OMXC20 
.OMXC20,VWS.CO,VESTAS WIND SYSTEMS ORD,2020-12-31,.OMXC20 
.OMXC20,NSISb.CO,NOVOZYMES ORD,2020-12-31,.OMXC20 
.OMXC20,RBREW.CO,ROYAL UNIBREW ORD,2020-12-31,.OMXC20 
.OMXC20,NOVOb.CO,NOVO-NORDISK ORD,2020-12-31,.OMXC20 
.OMXC20,ORSTED.CO,ORSTED ORD,2020-12-31,.OMXC20 
.OMXC20,DANSKE.CO,DANSKE BANK ORD,2020-12-31,.OMXC20 
.OMXC20,CHRH.CO^A24,CHRISTIAN HANSEN HOLDING ORD,2020-12-31,.OMXC20 
.OMXC20,GN.CO,GN STORE NORD ORD,2020-12-31,.OMXC20 
.OMXC20,DEMANT.CO,DEMANT ORD,2020-12-31,.OMXC20 
.OMXC20,AMBUb.CO,AMBU ORD,2020-12-31,.OMXC20 
.OMXC20,ISS.CO,ISS A/S,2020-12-31,.OMXC20 
.OMXC20,ROCKb.CO,ROCKWOOL INTL SR A ORD,2020-12-31,.OMXC20 
.OMXC20,TRYG.CO,TRYGVESTA ORD,2020-12-31,.OMXC20 
.OMXC20,DSV.CO,DSV PANALPINA ORD,2020-12-31,.OMXC20 
.OMXC20,CARLb.CO,CARLSBERG ORD,2020-12-31,.OMXC20 
.OMXC20,PNDORA.CO,PANDORA ORD,2020-12-31,.OMXC20 
.OMXC20,COLOb.CO,COLOPLAST ORD,2020-12-31,.OMXC20 
.OMXC20,MAERSKa.CO,MOELLER MAERSK ORD,2021-12-31,.OMXC20 
.OMXC20,GMAB.CO,GENMAB ORD,2021-12-31,.OMXC20 
.OMXC20,MAERSKb.CO,MOELLER MAERSK B ORD,2021-12-31,.OMXC20 
.OMXC20,VWS.CO,VESTAS WIND SYSTEMS ORD,2021-12-31,.OMXC20 
.OMXC20,NSISb.CO,NOVOZYMES ORD,2021-12-31,.OMXC20 
.OMXC20,RBREW.CO,ROYAL UNIBREW ORD,2021-12-31,.OMXC20 
.OMXC20,NOVOb.CO,NOVO-NORDISK ORD,2021-12-31,.OMXC20 
.OMXC20,NETCG.CO,NETCOMPANY A/S ORD,2021-12-31,.OMXC20 
.OMXC20,ORSTED.CO,ORSTED ORD,2021-12-31,.OMXC20 
.OMXC20,DANSKE.CO,DANSKE BANK ORD,2021-12-31,.OMXC20 
.OMXC20,CHRH.CO^A24,CHRISTIAN HANSEN HOLDING ORD,2021-12-31,.OMXC20 
.OMXC20,GN.CO,GN STORE NORD ORD,2021-12-31,.OMXC20 
.OMXC20,DEMANT.CO,DEMANT ORD,2021-12-31,.OMXC20 
.OMXC20,AMBUb.CO,AMBU ORD,2021-12-31,.OMXC20 
.OMXC20,ROCKb.CO,ROCKWOOL INTL SR A ORD,2021-12-31,.OMXC20 
.OMXC20,TRYG.CO,TRYGVESTA ORD,2021-12-31,.OMXC20 
.OMXC20,DSV.CO,DSV AS ORD,2021-12-31,.OMXC20 
.OMXC20,CARLb.CO,CARLSBERG ORD,2021-12-31,.OMXC20 
.OMXC20,PNDORA.CO,PANDORA ORD,2021-12-31,.OMXC20 
.OMXC20,COLOb.CO,COLOPLAST ORD,2021-12-31,.OMXC20 
.OMXC20,MAERSKa.CO,MOELLER MAERSK ORD,2022-12-31,.OMXC20 
.OMXC20,GMAB.CO,GENMAB ORD,2022-12-31,.OMXC20 
.OMXC20,MAERSKb.CO,MOELLER MAERSK B ORD,2022-12-31,.OMXC20 
.OMXC20,BAVA.CO,BAVARIAN NORDIC ORD,2022-12-31,.OMXC20 
.OMXC20,VWS.CO,VESTAS WIND SYSTEMS ORD,2022-12-31,.OMXC20 
.OMXC20,NSISb.CO,NOVOZYMES ORD,2022-12-31,.OMXC20 
.OMXC20,JYSK.CO,JYSKE BANK ORD,2022-12-31,.OMXC20 
.OMXC20,RBREW.CO,ROYAL UNIBREW ORD,2022-12-31,.OMXC20 
.OMXC20,NOVOb.CO,NOVO-NORDISK ORD,2022-12-31,.OMXC20 
.OMXC20,ORSTED.CO,ORSTED ORD,2022-12-31,.OMXC20 
.OMXC20,DANSKE.CO,DANSKE BANK ORD,2022-12-31,.OMXC20 
.OMXC20,CHRH.CO^A24,CHRISTIAN HANSEN HOLDING ORD,2022-12-31,.OMXC20 
.OMXC20,GN.CO,GN STORE NORD ORD,2022-12-31,.OMXC20 
.OMXC20,DEMANT.CO,DEMANT ORD,2022-12-31,.OMXC20 
.OMXC20,AMBUb.CO,AMBU ORD,2022-12-31,.OMXC20 
.OMXC20,TRYG.CO,TRYGVESTA ORD,2022-12-31,.OMXC20 
.OMXC20,DSV.CO,DSV AS ORD,2022-12-31,.OMXC20 
.OMXC20,CARLb.CO,CARLSBERG ORD,2022-12-31,.OMXC20 
.OMXC20,PNDORA.CO,PANDORA ORD,2022-12-31,.OMXC20 
.OMXC20,COLOb.CO,COLOPLAST ORD,2022-12-31,.OMXC20 
.OMXC20,MAERSKa.CO,MOELLER MAERSK ORD,2023-12-31,.OMXC20 
.OMXC20,GMAB.CO,GENMAB ORD,2023-12-31,.OMXC20 
.OMXC20,MAERSKb.CO,MOELLER MAERSK B ORD,2023-12-31,.OMXC20 
.OMXC20,VWS.CO,VESTAS WIND SYSTEMS ORD,2023-12-31,.OMXC20 
.OMXC20,NSISb.CO,NOVOZYMES ORD,2023-12-31,.OMXC20 
.OMXC20,JYSK.CO,JYSKE BANK ORD,2023-12-31,.OMXC20 
.OMXC20,NOVOb.CO,NOVO-NORDISK ORD,2023-12-31,.OMXC20 
.OMXC20,ORSTED.CO,ORSTED ORD,2023-12-31,.OMXC20 
.OMXC20,DANSKE.CO,DANSKE BANK ORD,2023-12-31,.OMXC20 
.OMXC20,CHRH.CO^A24,CHRISTIAN HANSEN HOLDING ORD,2023-12-31,.OMXC20 
.OMXC20,GN.CO,GN STORE NORD ORD,2023-12-31,.OMXC20 
.OMXC20,DEMANT.CO,DEMANT ORD,2023-12-31,.OMXC20 
.OMXC20,AMBUb.CO,AMBU ORD,2023-12-31,.OMXC20 
.OMXC20,ISS.CO,ISS A/S,2023-12-31,.OMXC20 
.OMXC20,ROCKb.CO,ROCKWOOL AS ORD,2023-12-31,.OMXC20 
.OMXC20,TRYG.CO,TRYGVESTA ORD,2023-12-31,.OMXC20 
.OMXC20,DSV.CO,DSV AS ORD,2023-12-31,.OMXC20 
.OMXC20,CARLb.CO,CARLSBERG ORD,2023-12-31,.OMXC20 
.OMXC20,PNDORA.CO,PANDORA ORD,2023-12-31,.OMXC20 
.OMXC20,COLOb.CO,COLOPLAST ORD,2023-12-31,.OMXC20 
.OMXC20,MAERSKa.CO,MOELLER MAERSK A ORD,2024-12-31,.OMXC20 
.OMXC20,GMAB.CO,GENMAB ORD,2024-12-31,.OMXC20 
.OMXC20,NKT.CO,NKT ORD,2024-12-31,.OMXC20 
.OMXC20,MAERSKb.CO,MOELLER MAERSK B ORD,2024-12-31,.OMXC20 
.OMXC20,VWS.CO,VESTAS WIND SYSTEMS ORD,2024-12-31,.OMXC20 
.OMXC20,NSISb.CO,NOVONESIS AS ORD,2024-12-31,.OMXC20 
.OMXC20,JYSK.CO,JYSKE BANK ORD,2024-12-31,.OMXC20 
.OMXC20,NOVOb.CO,NOVO-NORDISK ORD,2024-12-31,.OMXC20 
.OMXC20,ORSTED.CO,ORSTED ORD,2024-12-31,.OMXC20 
.OMXC20,DANSKE.CO,DANSKE BANK ORD,2024-12-31,.OMXC20 
.OMXC20,DEMANT.CO,DEMANT ORD,2024-12-31,.OMXC20 
.OMXC20,ZELA.CO,ZEALAND PHARMA ORD,2024-12-31,.OMXC20 
.OMXC20,AMBUb.CO,AMBU ORD,2024-12-31,.OMXC20 
.OMXC20,ISS.CO,ISS A/S,2024-12-31,.OMXC20 
.OMXC20,ROCKb.CO,ROCKWOOL AS ORD,2024-12-31,.OMXC20 
.OMXC20,TRYG.CO,TRYGVESTA ORD,2024-12-31,.OMXC20 
.OMXC20,DSV.CO,DSV AS ORD,2024-12-31,.OMXC20 
.OMXC20,CARLb.CO,CARLSBERG ORD,2024-12-31,.OMXC20 
.OMXC20,PNDORA.CO,PANDORA ORD,2024-12-31,.OMXC20 
.OMXC20,COLOb.CO,COLOPLAST ORD,2024-12-31,.OMXC20 
.OMXH25,OUT1V.HE,OUTOKUMPU OYJ ORD,2019-12-31,.OMXH25
.OMXH25,TYRES.HE,NOKIAN TYRES PLC ORD,2019-12-31,.OMXH25
.OMXH25,VALMT.HE,VALMET CORP,2019-12-31,.OMXH25
.OMXH25,METSB.HE,M-REAL ORD,2019-12-31,.OMXH25
.OMXH25,KNEBV.HE,KONE ORD,2019-12-31,.OMXH25
.OMXH25,HIAB.HE,CARGOTEC ORD,2019-12-31,.OMXH25
.OMXH25,TELIA1.HE,TELIA CO AB ORD,2019-12-31,.OMXH25
.OMXH25,KEMIRA.HE,KEMIRA OYJ ORD,2019-12-31,.OMXH25
.OMXH25,ORNBV.HE,ORION ORD,2019-12-31,.OMXH25
.OMXH25,NESTE.HE,NESTE OYJ ORD,2019-12-31,.OMXH25
.OMXH25,METSO.HE,OUTOTEC OYJ ORD,2019-12-31,.OMXH25
.OMXH25,STERV.HE,STORA ENSO R ORD,2019-12-31,.OMXH25
.OMXH25,SAMPO.HE,SAMPO PLC ORD,2019-12-31,.OMXH25
.OMXH25,NOKIA.HE,NOKIA ORD,2019-12-31,.OMXH25
.OMXH25,FORTUM.HE,FORTUM ORD,2019-12-31,.OMXH25
.OMXH25,WRT1V.HE,WARTSILA ORD,2019-12-31,.OMXH25
.OMXH25,NELES.HE^D22,METSO ORD,2019-12-31,.OMXH25
.OMXH25,NDAFI.HE,NORDEA BANK ABP ORD,2019-12-31,.OMXH25
.OMXH25,ELISA.HE,ELISA ORD,2019-12-31,.OMXH25
.OMXH25,UPM.HE,UPM-KYMMENE OY ORD,2019-12-31,.OMXH25
.OMXH25,TIETO.HE,TIETOENATOR ORD,2019-12-31,.OMXH25
.OMXH25,KCRA.HE,KONECRANES OYJ ORD,2019-12-31,.OMXH25
.OMXH25,HUH1V.HE,HUHTAMAKI SR I ORD,2019-12-31,.OMXH25
.OMXH25,KESKOB.HE,KESKO ORD,2019-12-31,.OMXH25
.OMXH25,OUT1V.HE,OUTOKUMPU OYJ ORD,2020-12-31,.OMXH25
.OMXH25,TYRES.HE,NOKIAN TYRES PLC ORD,2020-12-31,.OMXH25
.OMXH25,VALMT.HE,VALMET CORP,2020-12-31,.OMXH25
.OMXH25,METSB.HE,M-REAL ORD,2020-12-31,.OMXH25
.OMXH25,KNEBV.HE,KONE ORD,2020-12-31,.OMXH25
.OMXH25,HIAB.HE,CARGOTEC ORD,2020-12-31,.OMXH25
.OMXH25,TELIA1.HE,TELIA CO AB ORD,2020-12-31,.OMXH25
.OMXH25,KEMIRA.HE,KEMIRA OYJ ORD,2020-12-31,.OMXH25
.OMXH25,KOJAMO.HE,KOJAMO OYJ ORD,2020-12-31,.OMXH25
.OMXH25,ORNBV.HE,ORION ORD,2020-12-31,.OMXH25
.OMXH25,NESTE.HE,NESTE OYJ ORD,2020-12-31,.OMXH25
.OMXH25,METSO.HE,METSO OUTOTEC CORPORATION ORD,2020-12-31,.OMXH25
.OMXH25,STERV.HE,STORA ENSO R ORD,2020-12-31,.OMXH25
.OMXH25,SAMPO.HE,SAMPO PLC ORD,2020-12-31,.OMXH25
.OMXH25,NOKIA.HE,NOKIA ORD,2020-12-31,.OMXH25
.OMXH25,FORTUM.HE,FORTUM ORD,2020-12-31,.OMXH25
.OMXH25,WRT1V.HE,WARTSILA ORD,2020-12-31,.OMXH25
.OMXH25,NELES.HE^D22,NELES CORPORATION ORD,2020-12-31,.OMXH25
.OMXH25,NDAFI.HE,NORDEA BANK ABP ORD,2020-12-31,.OMXH25
.OMXH25,ELISA.HE,ELISA ORD,2020-12-31,.OMXH25
.OMXH25,UPM.HE,UPM-KYMMENE OY ORD,2020-12-31,.OMXH25
.OMXH25,TIETO.HE,TIETOENATOR ORD,2020-12-31,.OMXH25
.OMXH25,KCRA.HE,KONECRANES OYJ ORD,2020-12-31,.OMXH25
.OMXH25,HUH1V.HE,HUHTAMAKI SR I ORD,2020-12-31,.OMXH25
.OMXH25,KESKOB.HE,KESKO ORD,2020-12-31,.OMXH25
.OMXH25,OUT1V.HE,OUTOKUMPU OYJ ORD,2021-12-31,.OMXH25
.OMXH25,TYRES.HE,NOKIAN TYRES PLC ORD,2021-12-31,.OMXH25
.OMXH25,VALMT.HE,VALMET CORP,2021-12-31,.OMXH25
.OMXH25,METSB.HE,M-REAL ORD,2021-12-31,.OMXH25
.OMXH25,KNEBV.HE,KONE ORD,2021-12-31,.OMXH25
.OMXH25,HIAB.HE,CARGOTEC ORD,2021-12-31,.OMXH25
.OMXH25,TELIA1.HE,TELIA CO AB ORD,2021-12-31,.OMXH25
.OMXH25,KEMIRA.HE,KEMIRA OYJ ORD,2021-12-31,.OMXH25
.OMXH25,KOJAMO.HE,KOJAMO OYJ ORD,2021-12-31,.OMXH25
.OMXH25,ORNBV.HE,ORION ORD,2021-12-31,.OMXH25
.OMXH25,NESTE.HE,NESTE OYJ ORD,2021-12-31,.OMXH25
.OMXH25,METSO.HE,METSO OUTOTEC CORPORATION ORD,2021-12-31,.OMXH25
.OMXH25,QTCOM.HE,QT GROUP ORD,2021-12-31,.OMXH25
.OMXH25,STERV.HE,STORA ENSO R ORD,2021-12-31,.OMXH25
.OMXH25,SAMPO.HE,SAMPO PLC ORD,2021-12-31,.OMXH25
.OMXH25,NOKIA.HE,NOKIA ORD,2021-12-31,.OMXH25
.OMXH25,FORTUM.HE,FORTUM ORD,2021-12-31,.OMXH25
.OMXH25,WRT1V.HE,WARTSILA ORD,2021-12-31,.OMXH25
.OMXH25,NDAFI.HE,NORDEA BANK ABP ORD,2021-12-31,.OMXH25
.OMXH25,ELISA.HE,ELISA ORD,2021-12-31,.OMXH25
.OMXH25,UPM.HE,UPM-KYMMENE OY ORD,2021-12-31,.OMXH25
.OMXH25,TIETO.HE,TIETOENATOR ORD,2021-12-31,.OMXH25
.OMXH25,KCRA.HE,KONECRANES OYJ ORD,2021-12-31,.OMXH25
.OMXH25,HUH1V.HE,HUHTAMAKI SR I ORD,2021-12-31,.OMXH25
.OMXH25,KESKOB.HE,KESKO ORD,2021-12-31,.OMXH25
.OMXH25,OUT1V.HE,OUTOKUMPU OYJ ORD,2022-12-31,.OMXH25
.OMXH25,TYRES.HE,NOKIAN TYRES PLC ORD,2022-12-31,.OMXH25
.OMXH25,TOKMAN.HE,TOKMANNI GROUP CORPORATION ORD SHS,2022-12-31,.OMXH25
.OMXH25,VALMT.HE,VALMET CORP,2022-12-31,.OMXH25
.OMXH25,KNEBV.HE,KONE ORD,2022-12-31,.OMXH25
.OMXH25,HIAB.HE,CARGOTEC ORD,2022-12-31,.OMXH25
.OMXH25,TELIA1.HE,TELIA CO AB ORD,2022-12-31,.OMXH25
.OMXH25,KOJAMO.HE,KOJAMO OYJ ORD,2022-12-31,.OMXH25
.OMXH25,ORNBV.HE,ORION ORD,2022-12-31,.OMXH25
.OMXH25,NESTE.HE,NESTE OYJ ORD,2022-12-31,.OMXH25
.OMXH25,METSO.HE,METSO OUTOTEC CORPORATION ORD,2022-12-31,.OMXH25
.OMXH25,QTCOM.HE,QT GROUP ORD,2022-12-31,.OMXH25
.OMXH25,STERV.HE,STORA ENSO R ORD,2022-12-31,.OMXH25
.OMXH25,SAMPO.HE,SAMPO PLC ORD,2022-12-31,.OMXH25
.OMXH25,NOKIA.HE,NOKIA ORD,2022-12-31,.OMXH25
.OMXH25,FORTUM.HE,FORTUM ORD,2022-12-31,.OMXH25
.OMXH25,WRT1V.HE,WARTSILA ORD,2022-12-31,.OMXH25
.OMXH25,NDAFI.HE,NORDEA BANK ABP ORD,2022-12-31,.OMXH25
.OMXH25,ELISA.HE,ELISA ORD,2022-12-31,.OMXH25
.OMXH25,UPM.HE,UPM-KYMMENE OY ORD,2022-12-31,.OMXH25
.OMXH25,TIETO.HE,TIETOENATOR ORD,2022-12-31,.OMXH25
.OMXH25,SSABBH.HE,SSAB ORD,2022-12-31,.OMXH25
.OMXH25,KCRA.HE,KONECRANES OYJ ORD,2022-12-31,.OMXH25
.OMXH25,HUH1V.HE,HUHTAMAKI SR I ORD,2022-12-31,.OMXH25
.OMXH25,KESKOB.HE,KESKO ORD,2022-12-31,.OMXH25
.OMXH25,OUT1V.HE,OUTOKUMPU OYJ ORD,2023-12-31,.OMXH25
.OMXH25,TYRES.HE,NOKIAN TYRES PLC ORD,2023-12-31,.OMXH25
.OMXH25,VALMT.HE,VALMET CORP,2023-12-31,.OMXH25
.OMXH25,METSB.HE,M-REAL ORD,2023-12-31,.OMXH25
.OMXH25,KNEBV.HE,KONE ORD,2023-12-31,.OMXH25
.OMXH25,HIAB.HE,CARGOTEC ORD,2023-12-31,.OMXH25
.OMXH25,TELIA1.HE,TELIA CO AB ORD,2023-12-31,.OMXH25
.OMXH25,KOJAMO.HE,KOJAMO OYJ ORD,2023-12-31,.OMXH25
.OMXH25,ORNBV.HE,ORION ORD,2023-12-31,.OMXH25
.OMXH25,NESTE.HE,NESTE OYJ ORD,2023-12-31,.OMXH25
.OMXH25,METSO.HE,METSO CORP ORD,2023-12-31,.OMXH25
.OMXH25,QTCOM.HE,QT GROUP ORD,2023-12-31,.OMXH25
.OMXH25,STERV.HE,STORA ENSO R ORD,2023-12-31,.OMXH25
.OMXH25,SAMPO.HE,SAMPO PLC ORD,2023-12-31,.OMXH25
.OMXH25,NOKIA.HE,NOKIA ORD,2023-12-31,.OMXH25
.OMXH25,FORTUM.HE,FORTUM ORD,2023-12-31,.OMXH25
.OMXH25,WRT1V.HE,WARTSILA ORD,2023-12-31,.OMXH25
.OMXH25,NDAFI.HE,NORDEA BANK ABP ORD,2023-12-31,.OMXH25
.OMXH25,ELISA.HE,ELISA ORD,2023-12-31,.OMXH25
.OMXH25,UPM.HE,UPM-KYMMENE OY ORD,2023-12-31,.OMXH25
.OMXH25,TIETO.HE,TIETOENATOR ORD,2023-12-31,.OMXH25
.OMXH25,SSABBH.HE,SSAB ORD,2023-12-31,.OMXH25
.OMXH25,KCRA.HE,KONECRANES OYJ ORD,2023-12-31,.OMXH25
.OMXH25,HUH1V.HE,HUHTAMAKI SR I ORD,2023-12-31,.OMXH25
.OMXH25,KESKOB.HE,KESKO ORD,2023-12-31,.OMXH25
.OMXH25,OUT1V.HE,OUTOKUMPU OYJ ORD,2024-12-31,.OMXH25
.OMXH25,TYRES.HE,NOKIAN TYRES PLC ORD,2024-12-31,.OMXH25
.OMXH25,VALMT.HE,VALMET CORP,2024-12-31,.OMXH25
.OMXH25,METSB.HE,M-REAL ORD,2024-12-31,.OMXH25
.OMXH25,MANTA.HE,MANDATUM PLC ORD,2024-12-31,.OMXH25
.OMXH25,KNEBV.HE,KONE ORD,2024-12-31,.OMXH25
.OMXH25,HIAB.HE,CARGOTEC ORD,2024-12-31,.OMXH25
.OMXH25,KEMIRA.HE,KEMIRA OYJ ORD,2024-12-31,.OMXH25
.OMXH25,KOJAMO.HE,KOJAMO OYJ ORD,2024-12-31,.OMXH25
.OMXH25,ORNBV.HE,ORION ORD,2024-12-31,.OMXH25
.OMXH25,NESTE.HE,NESTE OYJ ORD,2024-12-31,.OMXH25
.OMXH25,METSO.HE,METSO CORP ORD,2024-12-31,.OMXH25
.OMXH25,QTCOM.HE,QT GROUP ORD,2024-12-31,.OMXH25
.OMXH25,STERV.HE,STORA ENSO R ORD,2024-12-31,.OMXH25
.OMXH25,SAMPO.HE,SAMPO PLC ORD,2024-12-31,.OMXH25
.OMXH25,NOKIA.HE,NOKIA ORD,2024-12-31,.OMXH25
.OMXH25,FORTUM.HE,FORTUM ORD,2024-12-31,.OMXH25
.OMXH25,WRT1V.HE,WARTSILA ORD,2024-12-31,.OMXH25
.OMXH25,NDAFI.HE,NORDEA BANK ABP ORD,2024-12-31,.OMXH25
.OMXH25,ELISA.HE,ELISA ORD,2024-12-31,.OMXH25
.OMXH25,UPM.HE,UPM-KYMMENE OY ORD,2024-12-31,.OMXH25
.OMXH25,TIETO.HE,TIETOENATOR ORD,2024-12-31,.OMXH25
.OMXH25,KCRA.HE,KONECRANES OYJ ORD,2024-12-31,.OMXH25
.OMXH25,HUH1V.HE,HUHTAMAKI SR I ORD,2024-12-31,.OMXH25
.OMXH25,KESKOB.HE,KESKO ORD,2024-12-31,.OMXH25
.SBF120,TRIA.PA,TRIGANO ORD,2019-12-31,.SBF120
.SBF120,CVO.PA,COVIVIO SA ORD,2019-12-31,.SBF120
.SBF120,RXL.PA,REXEL ORD,2019-12-31,.SBF120
.SBF120,EMEIS.PA,ORPEA ORD,2019-12-31,.SBF120
.SBF120,SEVI.PA^B22,SUEZ ORD,2019-12-31,.SBF120
.SBF120,SGEF.PA,VINCI ORD,2019-12-31,.SBF120
.SBF120,INGC.PA^K20,INGENICO GROUP,2019-12-31,.SBF120
.SBF120,NEXS.PA,NEXANS PARIS ORD,2019-12-31,.SBF120
.SBF120,APAM.AS,APERAM ORD,2019-12-31,.SBF120
.SBF120,LTEN.PA,ALTEN ORD,2019-12-31,.SBF120
.SBF120,VIV.PA,VIVENDI ORD,2019-12-31,.SBF120
.SBF120,IPN.PA,IPSEN PROMESSES ORD,2019-12-31,.SBF120
.SBF120,SOIT.PA,SOITEC SA ORD,2019-12-31,.SBF120
.SBF120,STDM.PA,STEDIM ORD,2019-12-31,.SBF120
.SBF120,BOLL.PA,BOLLORE ORD,2019-12-31,.SBF120
.SBF120,EDEN.PA,EDENRED ORD,2019-12-31,.SBF120
.SBF120,BNPP.PA,BNP PARIBAS ORD,2019-12-31,.SBF120
.SBF120,HRMS.PA,HERMES INTL ORD,2019-12-31,.SBF120
.SBF120,COFA.PA,COFACE PROMESSES ORD,2019-12-31,.SBF120
.SBF120,DANO.PA,GROUPE DANONE ORD,2019-12-31,.SBF120
.SBF120,URW.PA,UNIBAIL-RODAMCO-WESTFIELD ORD,2019-12-31,.SBF120
.SBF120,TKTT.PA,TARKETT,2019-12-31,.SBF120
.SBF120,PRTP.PA,KERING SA,2019-12-31,.SBF120
.SBF120,QDT.PA,QUADIENT ORD,2019-12-31,.SBF120
.SBF120,AYV.PA,ALD INTERNATIONAL SA ORD,2019-12-31,.SBF120
.SBF120,BICP.PA,SOCIETE BIC ORD,2019-12-31,.SBF120
.SBF120,ATOS.PA,ATOS SE ORD,2019-12-31,.SBF120
.SBF120,ELIOR.PA,ELIOR GROUP ORD,2019-12-31,.SBF120
.SBF120,FNAC.PA,FNAC DARTY ORD,2019-12-31,.SBF120
.SBF120,MICP.PA,MICHELIN ORD,2019-12-31,.SBF120
.SBF120,SAF.PA,SAFRAN ORD,2019-12-31,.SBF120
.SBF120,RCOP.PA,REMY COINTREAU ORD,2019-12-31,.SBF120
.SBF120,DAST.PA,DASSAULT SYSTEMES ORD,2019-12-31,.SBF120
.SBF120,ACCP.PA,ACCOR SA ORD,2019-12-31,.SBF120
.SBF120,MWDP.PA,WENDEL ORD,2019-12-31,.SBF120
.SBF120,ORAN.PA,ORANGE ORD,2019-12-31,.SBF120
.SBF120,EUFI.PA,EUROFINS SCIENTIFIC ORD,2019-12-31,.SBF120
.SBF120,EXHO.PA,SODEXO ORD,2019-12-31,.SBF120
.SBF120,ENX.PA,EURONEXT,2019-12-31,.SBF120
.SBF120,BVI.PA,BUREAU VERITAS REGISTRE INTL ORD,2019-12-31,.SBF120
.SBF120,AIRF.PA,AIR FRANCE-KLM ORD,2019-12-31,.SBF120
.SBF120,AIRP.PA,AIR LIQUIDE ORD,2019-12-31,.SBF120
.SBF120,SASY.PA,SANOFI-AVENTIS ORD,2019-12-31,.SBF120
.SBF120,TFFP.PA,TF1 ORD,2019-12-31,.SBF120
.SBF120,ESLX.PA,ESSILORLUXOTTICA ORD,2019-12-31,.SBF120
.SBF120,AM.PA,DASSAULT AVIATI ORD,2019-12-31,.SBF120
.SBF120,AMUN.PA,AMUNDI ORD,2019-12-31,.SBF120
.SBF120,AIR.PA,AIRBUS SE,2019-12-31,.SBF120
.SBF120,AXAF.PA,AXA ORD,2019-12-31,.SBF120
.SBF120,GFCP.PA,GECINA REIT,2019-12-31,.SBF120
.SBF120,ALTT.PA^D20,ALTRAN TECHNOLOGIES ORD,2019-12-31,.SBF120
.SBF120,MT.AS,ARCELORMITTAL ORD,2019-12-31,.SBF120
.SBF120,ENGIE.PA,ENGIE ORD,2019-12-31,.SBF120
.SBF120,BOUY.PA,BOUYGUES ORD,2019-12-31,.SBF120
.SBF120,VLLP.PA,VALLOUREC ORD,2019-12-31,.SBF120
.SBF120,UBIP.PA,UBISOFT ORD,2019-12-31,.SBF120
.SBF120,EDF.PA^F23,ELECTRICITE DE FRANCE SA,2019-12-31,.SBF120
.SBF120,SEBF.PA,SEB ORD,2019-12-31,.SBF120
.SBF120,MERY.PA,MERCIALYS REIT,2019-12-31,.SBF120
.SBF120,CASP.PA,CASINO ORD,2019-12-31,.SBF120
.SBF120,SPIE.PA,SPIE PROMESSES ORD SHS,2019-12-31,.SBF120
.SBF120,PEUP.PA^A21,PEUGEOT SA ORD,2019-12-31,.SBF120
.SBF120,GTT.PA,GTT PROMESSES ORD,2019-12-31,.SBF120
.SBF120,FOUG.PA,EIFFAGE ORD,2019-12-31,.SBF120
.SBF120,VLOF.PA,VALEO ORD,2019-12-31,.SBF120
.SBF120,ICAD.PA,ICADE REIT,2019-12-31,.SBF120
.SBF120,SESFd.PA,SES SA GDR,2019-12-31,.SBF120
.SBF120,ERMT.PA,ERAMET ORD,2019-12-31,.SBF120
.SBF120,MMTP.PA,METROPOLE TV ORD,2019-12-31,.SBF120
.SBF120,LVMH.PA,LVMH MOET HENNESSY LOUIS VUITT,2019-12-31,.SBF120
.SBF120,GNFT.PA,GENFIT ORD,2019-12-31,.SBF120
.SBF120,SCHN.PA,SCHNEIDER ELECTRIC SE,2019-12-31,.SBF120
.SBF120,ISOS.PA,IPSOS ORD,2019-12-31,.SBF120
.SBF120,CAGR.PA,CREDIT AGRICOLE ORD,2019-12-31,.SBF120
.SBF120,SOGN.PA,SOCIETE GENERALE ORD,2019-12-31,.SBF120
.SBF120,BIOX.PA,BIOMERIEUX ORD,2019-12-31,.SBF120
.SBF120,NEXI.PA,NEXITY ORD,2019-12-31,.SBF120
.SBF120,LEGD.PA,LEGRAND ORD,2019-12-31,.SBF120
.SBF120,DBV.PA,DBV TECHNOLOGIES ORD,2019-12-31,.SBF120
.SBF120,SGOB.PA,SAINT-GOBAIN ORD,2019-12-31,.SBF120
.SBF120,ELIS.PA,ELIS ORD SHS,2019-12-31,.SBF120
.SBF120,FRVIA.PA,FAURECIA SA ORD,2019-12-31,.SBF120
.SBF120,IMTP.PA,IMERYS ORD,2019-12-31,.SBF120
.SBF120,SOPR.PA,SOPRA STERIA GROUP,2019-12-31,.SBF120
.SBF120,SOLB.BR,SOLVAY ORD,2019-12-31,.SBF120
.SBF120,CARR.PA,CARREFOUR ORD,2019-12-31,.SBF120
.SBF120,CNAT.PA^G21,NATIXIS ORD,2019-12-31,.SBF120
.SBF120,ILD.PA^J21,ILIAD ORD,2019-12-31,.SBF120
.SBF120,TTEF.PA,TOTAL ORD,2019-12-31,.SBF120
.SBF120,GETP.PA,GETLINK ORD,2019-12-31,.SBF120
.SBF120,RUBF.PA,RUBIS ORD,2019-12-31,.SBF120
.SBF120,JCDX.PA,JCDECAUX ORD,2019-12-31,.SBF120
.SBF120,ETL.PA,EUTELSAT COMMUNICATIONS ORD,2019-12-31,.SBF120
.SBF120,RENA.PA,RENAULT PAR,2019-12-31,.SBF120
.SBF120,PUBP.PA,PUBLICIS GROUPE ORD,2019-12-31,.SBF120
.SBF120,CLARI.PA,KORIAN ORD,2019-12-31,.SBF120
.SBF120,MDM.PA,MAISONS DU MONDE SA WI ORD,2019-12-31,.SBF120
.SBF120,LOIM.PA,KLEPIERRE REIT,2019-12-31,.SBF120
.SBF120,ADP.PA,AEROPORTS DE PARIS ORD,2019-12-31,.SBF120
.SBF120,SCOR.PA,SCOR SE ORD,2019-12-31,.SBF120
.SBF120,VCTP.PA,VICAT SA ORD,2019-12-31,.SBF120
.SBF120,CNPP.PA^F22,CNP ASSURANCES ORD,2019-12-31,.SBF120
.SBF120,VIRB.PA,STE VIRBAC SA,2019-12-31,.SBF120
.SBF120,TEPRF.PA,TELEPERFORMANCE ORD,2019-12-31,.SBF120
.SBF120,VIE.PA,VEOLIA ENVIRONNEMENT VE ORD,2019-12-31,.SBF120
.SBF120,VRLA.PA,VERALLIA SASU ORD,2019-12-31,.SBF120
.SBF120,OREP.PA,L OREAL S.A.,2019-12-31,.SBF120
.SBF120,ALSO.PA,ALSTOM SA ORD,2019-12-31,.SBF120
.SBF120,PERP.PA,PERNOD-RICARD ORD,2019-12-31,.SBF120
.SBF120,OPM.PA,PLASTIC OMNIUM ORD,2019-12-31,.SBF120
.SBF120,LAGA.PA,LAGARDERE SCA ORD,2019-12-31,.SBF120
.SBF120,EURA.PA,EURAZEO ORD,2019-12-31,.SBF120
.SBF120,STMPA.PA,STMICROELECTRONICS ORD,2019-12-31,.SBF120
.SBF120,WLN.PA,WORLDLINE SA,2019-12-31,.SBF120
.SBF120,TCFP.PA,THALES ORD,2019-12-31,.SBF120
.SBF120,FTI.PA^B22,TECHNIPFMC LTD ORD,2019-12-31,.SBF120
.SBF120,VIRI.PA,CGG,2019-12-31,.SBF120
.SBF120,EUCAR.PA^G22,EUROPCAR MOBILITY GROUP SA ORD,2019-12-31,.SBF120
.SBF120,AKE.PA,ARKEMA ORD,2019-12-31,.SBF120
.SBF120,CAPP.PA,CAPGEMINI ORD,2019-12-31,.SBF120
.SBF120,TRIA.PA,TRIGANO ORD,2020-12-31,.SBF120
.SBF120,CVO.PA,COVIVIO SA ORD,2020-12-31,.SBF120
.SBF120,RXL.PA,REXEL ORD,2020-12-31,.SBF120
.SBF120,EMEIS.PA,ORPEA ORD,2020-12-31,.SBF120
.SBF120,SEVI.PA^B22,SUEZ ORD,2020-12-31,.SBF120
.SBF120,SGEF.PA,VINCI ORD,2020-12-31,.SBF120
.SBF120,NEXS.PA,NEXANS PARIS ORD,2020-12-31,.SBF120
.SBF120,APAM.AS,APERAM ORD,2020-12-31,.SBF120
.SBF120,LTEN.PA,ALTEN ORD,2020-12-31,.SBF120
.SBF120,VIV.PA,VIVENDI ORD,2020-12-31,.SBF120
.SBF120,IPN.PA,IPSEN PROMESSES ORD,2020-12-31,.SBF120
.SBF120,SOIT.PA,SOITEC SA ORD,2020-12-31,.SBF120
.SBF120,STDM.PA,STEDIM ORD,2020-12-31,.SBF120
.SBF120,BOLL.PA,BOLLORE ORD,2020-12-31,.SBF120
.SBF120,EDEN.PA,EDENRED ORD,2020-12-31,.SBF120
.SBF120,ROBF.PA,ROBERTET ORD,2020-12-31,.SBF120
.SBF120,BNPP.PA,BNP PARIBAS ORD,2020-12-31,.SBF120
.SBF120,HRMS.PA,HERMES INTL ORD,2020-12-31,.SBF120
.SBF120,COFA.PA,COFACE PROMESSES ORD,2020-12-31,.SBF120
.SBF120,DANO.PA,GROUPE DANONE ORD,2020-12-31,.SBF120
.SBF120,URW.PA,UNIBAIL-RODAMCO-WESTFIELD ORD,2020-12-31,.SBF120
.SBF120,PRTP.PA,KERING SA,2020-12-31,.SBF120
.SBF120,AYV.PA,ALD INTERNATIONAL SA ORD,2020-12-31,.SBF120
.SBF120,BICP.PA,SOCIETE BIC ORD,2020-12-31,.SBF120
.SBF120,ATOS.PA,ATOS SE ORD,2020-12-31,.SBF120
.SBF120,ABIO.PA^J22,ALBIOMA,2020-12-31,.SBF120
.SBF120,ELIOR.PA,ELIOR GROUP ORD,2020-12-31,.SBF120
.SBF120,ALMCP.PA,MCPHY ENERGY ORD,2020-12-31,.SBF120
.SBF120,FNAC.PA,FNAC DARTY ORD,2020-12-31,.SBF120
.SBF120,MICP.PA,MICHELIN ORD,2020-12-31,.SBF120
.SBF120,SAF.PA,SAFRAN ORD,2020-12-31,.SBF120
.SBF120,RCOP.PA,REMY COINTREAU ORD,2020-12-31,.SBF120
.SBF120,DAST.PA,DASSAULT SYSTEMES ORD,2020-12-31,.SBF120
.SBF120,ACCP.PA,ACCOR SA ORD,2020-12-31,.SBF120
.SBF120,MWDP.PA,WENDEL ORD,2020-12-31,.SBF120
.SBF120,ORAN.PA,ORANGE ORD,2020-12-31,.SBF120
.SBF120,EUFI.PA,EUROFINS SCIENTIFIC ORD,2020-12-31,.SBF120
.SBF120,EXHO.PA,SODEXO ORD,2020-12-31,.SBF120
.SBF120,ENX.PA,EURONEXT,2020-12-31,.SBF120
.SBF120,BVI.PA,BUREAU VERITAS REGISTRE INTL ORD,2020-12-31,.SBF120
.SBF120,AIRF.PA,AIR FRANCE-KLM ORD,2020-12-31,.SBF120
.SBF120,AIRP.PA,AIR LIQUIDE ORD,2020-12-31,.SBF120
.SBF120,SASY.PA,SANOFI-AVENTIS ORD,2020-12-31,.SBF120
.SBF120,TFFP.PA,TF1 ORD,2020-12-31,.SBF120
.SBF120,CARM.PA,CARMILA ORD,2020-12-31,.SBF120
.SBF120,ESLX.PA,ESSILORLUXOTTICA ORD,2020-12-31,.SBF120
.SBF120,AM.PA,DASSAULT AVIATI ORD,2020-12-31,.SBF120
.SBF120,AMUN.PA,AMUNDI ORD,2020-12-31,.SBF120
.SBF120,AIR.PA,AIRBUS SE,2020-12-31,.SBF120
.SBF120,AXAF.PA,AXA ORD,2020-12-31,.SBF120
.SBF120,GFCP.PA,GECINA REIT,2020-12-31,.SBF120
.SBF120,MT.AS,ARCELORMITTAL ORD,2020-12-31,.SBF120
.SBF120,ENGIE.PA,ENGIE ORD,2020-12-31,.SBF120
.SBF120,BOUY.PA,BOUYGUES ORD,2020-12-31,.SBF120
.SBF120,VLLP.PA,VALLOUREC ORD,2020-12-31,.SBF120
.SBF120,UBIP.PA,UBISOFT ORD,2020-12-31,.SBF120
.SBF120,EDF.PA^F23,ELECTRICITE DE FRANCE SA,2020-12-31,.SBF120
.SBF120,SEBF.PA,SEB ORD,2020-12-31,.SBF120
.SBF120,MERY.PA,MERCIALYS REIT,2020-12-31,.SBF120
.SBF120,CASP.PA,CASINO ORD,2020-12-31,.SBF120
.SBF120,SPIE.PA,SPIE PROMESSES ORD SHS,2020-12-31,.SBF120
.SBF120,PEUP.PA^A21,PEUGEOT SA ORD,2020-12-31,.SBF120
.SBF120,GTT.PA,GTT PROMESSES ORD,2020-12-31,.SBF120
.SBF120,FOUG.PA,EIFFAGE ORD,2020-12-31,.SBF120
.SBF120,VLOF.PA,VALEO ORD,2020-12-31,.SBF120
.SBF120,ICAD.PA,ICADE REIT,2020-12-31,.SBF120
.SBF120,SESFd.PA,SES SA GDR,2020-12-31,.SBF120
.SBF120,ERMT.PA,ERAMET ORD,2020-12-31,.SBF120
.SBF120,MMTP.PA,METROPOLE TV ORD,2020-12-31,.SBF120
.SBF120,LVMH.PA,LVMH MOET HENNESSY LOUIS VUITT,2020-12-31,.SBF120
.SBF120,SCHN.PA,SCHNEIDER ELECTRIC SE,2020-12-31,.SBF120
.SBF120,ISOS.PA,IPSOS ORD,2020-12-31,.SBF120
.SBF120,CAGR.PA,CREDIT AGRICOLE ORD,2020-12-31,.SBF120
.SBF120,SOGN.PA,SOCIETE GENERALE ORD,2020-12-31,.SBF120
.SBF120,BIOX.PA,BIOMERIEUX ORD,2020-12-31,.SBF120
.SBF120,NEXI.PA,NEXITY ORD,2020-12-31,.SBF120
.SBF120,LEGD.PA,LEGRAND ORD,2020-12-31,.SBF120
.SBF120,SGOB.PA,SAINT-GOBAIN ORD,2020-12-31,.SBF120
.SBF120,ELIS.PA,ELIS ORD SHS,2020-12-31,.SBF120
.SBF120,FRVIA.PA,FAURECIA SA ORD,2020-12-31,.SBF120
.SBF120,IMTP.PA,IMERYS ORD,2020-12-31,.SBF120
.SBF120,SOPR.PA,SOPRA STERIA GROUP,2020-12-31,.SBF120
.SBF120,S30.PA,SOLUTIONS 30 SE,2020-12-31,.SBF120
.SBF120,SOLB.BR,SOLVAY ORD,2020-12-31,.SBF120
.SBF120,CARR.PA,CARREFOUR ORD,2020-12-31,.SBF120
.SBF120,CNAT.PA^G21,NATIXIS ORD,2020-12-31,.SBF120
.SBF120,ILD.PA^J21,ILIAD ORD,2020-12-31,.SBF120
.SBF120,TTEF.PA,TOTAL ORD,2020-12-31,.SBF120
.SBF120,GETP.PA,GETLINK ORD,2020-12-31,.SBF120
.SBF120,RUBF.PA,RUBIS ORD,2020-12-31,.SBF120
.SBF120,JCDX.PA,JCDECAUX ORD,2020-12-31,.SBF120
.SBF120,ETL.PA,EUTELSAT COMMUNICATIONS ORD,2020-12-31,.SBF120
.SBF120,RENA.PA,RENAULT PAR,2020-12-31,.SBF120
.SBF120,PUBP.PA,PUBLICIS GROUPE ORD,2020-12-31,.SBF120
.SBF120,CLARI.PA,KORIAN ORD,2020-12-31,.SBF120
.SBF120,MDM.PA,MAISONS DU MONDE SA WI ORD,2020-12-31,.SBF120
.SBF120,LOIM.PA,KLEPIERRE REIT,2020-12-31,.SBF120
.SBF120,ADP.PA,AEROPORTS DE PARIS ORD,2020-12-31,.SBF120
.SBF120,SCOR.PA,SCOR SE ORD,2020-12-31,.SBF120
.SBF120,CNPP.PA^F22,CNP ASSURANCES ORD,2020-12-31,.SBF120
.SBF120,VIRB.PA,STE VIRBAC SA,2020-12-31,.SBF120
.SBF120,TEPRF.PA,TELEPERFORMANCE ORD,2020-12-31,.SBF120
.SBF120,KOF.PA,KAUFMAN AND BROAD ORD,2020-12-31,.SBF120
.SBF120,VIE.PA,VEOLIA ENVIRONNEMENT VE ORD,2020-12-31,.SBF120
.SBF120,VRLA.PA,VERALLIA SASU ORD,2020-12-31,.SBF120
.SBF120,OREP.PA,L OREAL S.A.,2020-12-31,.SBF120
.SBF120,FDJU.PA,LA FRANCAISE DES JEUX SA ORD,2020-12-31,.SBF120
.SBF120,NEOEN.PA^D25,NEOEN SA ORD,2020-12-31,.SBF120
.SBF120,ALSO.PA,ALSTOM SA ORD,2020-12-31,.SBF120
.SBF120,PERP.PA,PERNOD-RICARD ORD,2020-12-31,.SBF120
.SBF120,OPM.PA,PLASTIC OMNIUM ORD,2020-12-31,.SBF120
.SBF120,LAGA.PA,LAGARDERE SCA ORD,2020-12-31,.SBF120
.SBF120,EURA.PA,EURAZEO ORD,2020-12-31,.SBF120
.SBF120,STMPA.PA,STMICROELECTRONICS ORD,2020-12-31,.SBF120
.SBF120,WLN.PA,WORLDLINE SA,2020-12-31,.SBF120
.SBF120,TCFP.PA,THALES ORD,2020-12-31,.SBF120
.SBF120,FTI.PA^B22,TECHNIPFMC LTD ORD,2020-12-31,.SBF120
.SBF120,VIRI.PA,CGG,2020-12-31,.SBF120
.SBF120,AKE.PA,ARKEMA ORD,2020-12-31,.SBF120
.SBF120,CAPP.PA,CAPGEMINI ORD,2020-12-31,.SBF120
.SBF120,TRIA.PA,TRIGANO ORD,2021-12-31,.SBF120
.SBF120,CVO.PA,COVIVIO SA ORD,2021-12-31,.SBF120
.SBF120,RXL.PA,REXEL ORD,2021-12-31,.SBF120
.SBF120,EMEIS.PA,ORPEA ORD,2021-12-31,.SBF120
.SBF120,SEVI.PA^B22,SUEZ ORD,2021-12-31,.SBF120
.SBF120,SGEF.PA,VINCI ORD,2021-12-31,.SBF120
.SBF120,NEXS.PA,NEXANS PARIS ORD,2021-12-31,.SBF120
.SBF120,APAM.AS,APERAM ORD,2021-12-31,.SBF120
.SBF120,LTEN.PA,ALTEN ORD,2021-12-31,.SBF120
.SBF120,VIV.PA,VIVENDI ORD,2021-12-31,.SBF120
.SBF120,IPN.PA,IPSEN PROMESSES ORD,2021-12-31,.SBF120
.SBF120,SOIT.PA,SOITEC SA ORD,2021-12-31,.SBF120
.SBF120,STLAM.PA,STELLANTIS NV ORD,2021-12-31,.SBF120
.SBF120,STDM.PA,STEDIM ORD,2021-12-31,.SBF120
.SBF120,BOLL.PA,BOLLORE ORD,2021-12-31,.SBF120
.SBF120,EDEN.PA,EDENRED ORD,2021-12-31,.SBF120
.SBF120,BNPP.PA,BNP PARIBAS ORD,2021-12-31,.SBF120
.SBF120,HRMS.PA,HERMES INTL ORD,2021-12-31,.SBF120
.SBF120,COFA.PA,COFACE PROMESSES ORD,2021-12-31,.SBF120
.SBF120,DANO.PA,GROUPE DANONE ORD,2021-12-31,.SBF120
.SBF120,URW.PA,UNIBAIL-RODAMCO-WESTFIELD ORD,2021-12-31,.SBF120
.SBF120,VLS.PA,VALNEVA,2021-12-31,.SBF120
.SBF120,PRTP.PA,KERING SA,2021-12-31,.SBF120
.SBF120,AYV.PA,ALD INTERNATIONAL SA ORD,2021-12-31,.SBF120
.SBF120,BICP.PA,SOCIETE BIC ORD,2021-12-31,.SBF120
.SBF120,ATOS.PA,ATOS SE ORD,2021-12-31,.SBF120
.SBF120,ABIO.PA^J22,ALBIOMA,2021-12-31,.SBF120
.SBF120,ELIOR.PA,ELIOR GROUP ORD,2021-12-31,.SBF120
.SBF120,ALMCP.PA,MCPHY ENERGY ORD,2021-12-31,.SBF120
.SBF120,FNAC.PA,FNAC DARTY ORD,2021-12-31,.SBF120
.SBF120,MICP.PA,MICHELIN ORD,2021-12-31,.SBF120
.SBF120,SAF.PA,SAFRAN ORD,2021-12-31,.SBF120
.SBF120,RCOP.PA,REMY COINTREAU ORD,2021-12-31,.SBF120
.SBF120,DAST.PA,DASSAULT SYSTEMES ORD,2021-12-31,.SBF120
.SBF120,ACCP.PA,ACCOR SA ORD,2021-12-31,.SBF120
.SBF120,OVH.PA,OVH GROUPE SAS ORD,2021-12-31,.SBF120
.SBF120,MWDP.PA,WENDEL ORD,2021-12-31,.SBF120
.SBF120,ORAN.PA,ORANGE ORD,2021-12-31,.SBF120
.SBF120,EUFI.PA,EUROFINS SCIENTIFIC ORD,2021-12-31,.SBF120
.SBF120,EXHO.PA,SODEXO ORD,2021-12-31,.SBF120
.SBF120,ENX.PA,EURONEXT,2021-12-31,.SBF120
.SBF120,BVI.PA,BUREAU VERITAS REGISTRE INTL ORD,2021-12-31,.SBF120
.SBF120,AIRF.PA,AIR FRANCE-KLM ORD,2021-12-31,.SBF120
.SBF120,AIRP.PA,AIR LIQUIDE ORD,2021-12-31,.SBF120
.SBF120,SASY.PA,SANOFI SA ORD,2021-12-31,.SBF120
.SBF120,TFFP.PA,TF1 ORD,2021-12-31,.SBF120
.SBF120,ESLX.PA,ESSILORLUXOTTICA ORD,2021-12-31,.SBF120
.SBF120,AM.PA,DASSAULT AVIATI ORD,2021-12-31,.SBF120
.SBF120,AMUN.PA,AMUNDI ORD,2021-12-31,.SBF120
.SBF120,AIR.PA,AIRBUS SE,2021-12-31,.SBF120
.SBF120,AXAF.PA,AXA ORD,2021-12-31,.SBF120
.SBF120,GFCP.PA,GECINA REIT,2021-12-31,.SBF120
.SBF120,MT.AS,ARCELORMITTAL ORD,2021-12-31,.SBF120
.SBF120,ENGIE.PA,ENGIE ORD,2021-12-31,.SBF120
.SBF120,DBG.PA,DERICHEBOURG ORD,2021-12-31,.SBF120
.SBF120,BOUY.PA,BOUYGUES ORD,2021-12-31,.SBF120
.SBF120,VLLP.PA,VALLOUREC ORD,2021-12-31,.SBF120
.SBF120,UBIP.PA,UBISOFT ORD,2021-12-31,.SBF120
.SBF120,EDF.PA^F23,ELECTRICITE DE FRANCE SA,2021-12-31,.SBF120
.SBF120,SEBF.PA,SEB ORD,2021-12-31,.SBF120
.SBF120,MERY.PA,MERCIALYS REIT,2021-12-31,.SBF120
.SBF120,CASP.PA,CASINO ORD,2021-12-31,.SBF120
.SBF120,SPIE.PA,SPIE PROMESSES ORD SHS,2021-12-31,.SBF120
.SBF120,GTT.PA,GTT PROMESSES ORD,2021-12-31,.SBF120
.SBF120,FOUG.PA,EIFFAGE ORD,2021-12-31,.SBF120
.SBF120,VLOF.PA,VALEO ORD,2021-12-31,.SBF120
.SBF120,ICAD.PA,ICADE REIT,2021-12-31,.SBF120
.SBF120,SESFd.PA,SES SA GDR,2021-12-31,.SBF120
.SBF120,ERMT.PA,ERAMET ORD,2021-12-31,.SBF120
.SBF120,MMTP.PA,METROPOLE TV ORD,2021-12-31,.SBF120
.SBF120,LVMH.PA,LVMH MOET HENNESSY LOUIS VUITT,2021-12-31,.SBF120
.SBF120,SCHN.PA,SCHNEIDER ELECTRIC SE,2021-12-31,.SBF120
.SBF120,ISOS.PA,IPSOS ORD,2021-12-31,.SBF120
.SBF120,CAGR.PA,CREDIT AGRICOLE ORD,2021-12-31,.SBF120
.SBF120,SOGN.PA,SOCIETE GENERALE ORD,2021-12-31,.SBF120
.SBF120,BIOX.PA,BIOMERIEUX ORD,2021-12-31,.SBF120
.SBF120,NEXI.PA,NEXITY ORD,2021-12-31,.SBF120
.SBF120,LEGD.PA,LEGRAND ORD,2021-12-31,.SBF120
.SBF120,SGOB.PA,SAINT-GOBAIN ORD,2021-12-31,.SBF120
.SBF120,ELIS.PA,ELIS ORD SHS,2021-12-31,.SBF120
.SBF120,FRVIA.PA,FAURECIA SA ORD,2021-12-31,.SBF120
.SBF120,IMTP.PA,IMERYS ORD,2021-12-31,.SBF120
.SBF120,SOPR.PA,SOPRA STERIA GROUP,2021-12-31,.SBF120
.SBF120,S30.PA,SOLUTIONS 30 SE,2021-12-31,.SBF120
.SBF120,SOLB.BR,SOLVAY ORD,2021-12-31,.SBF120
.SBF120,CARR.PA,CARREFOUR ORD,2021-12-31,.SBF120
.SBF120,TTEF.PA,TOTALENERGIES SE ORD,2021-12-31,.SBF120
.SBF120,GETP.PA,GETLINK ORD,2021-12-31,.SBF120
.SBF120,RUBF.PA,RUBIS ORD,2021-12-31,.SBF120
.SBF120,JCDX.PA,JCDECAUX ORD,2021-12-31,.SBF120
.SBF120,ETL.PA,EUTELSAT COMMUNICATIONS ORD,2021-12-31,.SBF120
.SBF120,RENA.PA,RENAULT PAR,2021-12-31,.SBF120
.SBF120,PUBP.PA,PUBLICIS GROUPE ORD,2021-12-31,.SBF120
.SBF120,CLARI.PA,KORIAN ORD,2021-12-31,.SBF120
.SBF120,MDM.PA,MAISONS DU MONDE SA WI ORD,2021-12-31,.SBF120
.SBF120,LOIM.PA,KLEPIERRE REIT,2021-12-31,.SBF120
.SBF120,ADP.PA,AEROPORTS DE PARIS ORD,2021-12-31,.SBF120
.SBF120,TE.PA,TECHNIP ENERGIES BV ORD,2021-12-31,.SBF120
.SBF120,SCOR.PA,SCOR SE ORD,2021-12-31,.SBF120
.SBF120,CNPP.PA^F22,CNP ASSURANCES ORD,2021-12-31,.SBF120
.SBF120,VIRB.PA,STE VIRBAC SA,2021-12-31,.SBF120
.SBF120,TEPRF.PA,TELEPERFORMANCE ORD,2021-12-31,.SBF120
.SBF120,VIE.PA,VEOLIA ENVIRONNEMENT VE ORD,2021-12-31,.SBF120
.SBF120,VRLA.PA,VERALLIA SASU ORD,2021-12-31,.SBF120
.SBF120,OREP.PA,L OREAL S.A.,2021-12-31,.SBF120
.SBF120,FDJU.PA,LA FRANCAISE DES JEUX SA ORD,2021-12-31,.SBF120
.SBF120,NEOEN.PA^D25,NEOEN SA ORD,2021-12-31,.SBF120
.SBF120,ALSO.PA,ALSTOM SA ORD,2021-12-31,.SBF120
.SBF120,PERP.PA,PERNOD-RICARD ORD,2021-12-31,.SBF120
.SBF120,OPM.PA,PLASTIC OMNIUM ORD,2021-12-31,.SBF120
.SBF120,LAGA.PA,LAGARDERE SCA ORD,2021-12-31,.SBF120
.SBF120,EURA.PA,EURAZEO ORD,2021-12-31,.SBF120
.SBF120,STMPA.PA,STMICROELECTRONICS ORD,2021-12-31,.SBF120
.SBF120,WLN.PA,WORLDLINE SA,2021-12-31,.SBF120
.SBF120,TCFP.PA,THALES ORD,2021-12-31,.SBF120
.SBF120,FTI.PA^B22,TECHNIPFMC PLC ORD,2021-12-31,.SBF120
.SBF120,VIRI.PA,CGG,2021-12-31,.SBF120
.SBF120,EUCAR.PA^G22,EUROPCAR MOBILITY GROUP SA ORD,2021-12-31,.SBF120
.SBF120,AKE.PA,ARKEMA ORD,2021-12-31,.SBF120
.SBF120,CAPP.PA,CAPGEMINI ORD,2021-12-31,.SBF120
.SBF120,TRIA.PA,TRIGANO ORD,2022-12-31,.SBF120
.SBF120,CVO.PA,COVIVIO SA ORD,2022-12-31,.SBF120
.SBF120,RXL.PA,REXEL ORD,2022-12-31,.SBF120
.SBF120,EMEIS.PA,ORPEA ORD,2022-12-31,.SBF120
.SBF120,SGEF.PA,VINCI ORD,2022-12-31,.SBF120
.SBF120,NEXS.PA,NEXANS PARIS ORD,2022-12-31,.SBF120
.SBF120,APAM.AS,APERAM ORD,2022-12-31,.SBF120
.SBF120,LTEN.PA,ALTEN ORD,2022-12-31,.SBF120
.SBF120,VIV.PA,VIVENDI ORD,2022-12-31,.SBF120
.SBF120,IPN.PA,IPSEN PROMESSES ORD,2022-12-31,.SBF120
.SBF120,SOIT.PA,SOITEC SA ORD,2022-12-31,.SBF120
.SBF120,STLAM.PA,STELLANTIS NV ORD,2022-12-31,.SBF120
.SBF120,STDM.PA,STEDIM ORD,2022-12-31,.SBF120
.SBF120,BOLL.PA,BOLLORE ORD,2022-12-31,.SBF120
.SBF120,EDEN.PA,EDENRED ORD,2022-12-31,.SBF120
.SBF120,BNPP.PA,BNP PARIBAS ORD,2022-12-31,.SBF120
.SBF120,IMAF.PA,ALTAREA ORD,2022-12-31,.SBF120
.SBF120,HRMS.PA,HERMES INTL ORD,2022-12-31,.SBF120
.SBF120,COFA.PA,COFACE PROMESSES ORD,2022-12-31,.SBF120
.SBF120,DANO.PA,GROUPE DANONE ORD,2022-12-31,.SBF120
.SBF120,URW.PA,UNIBAIL-RODAMCO-WESTFIELD ORD,2022-12-31,.SBF120
.SBF120,VLS.PA,VALNEVA,2022-12-31,.SBF120
.SBF120,PRTP.PA,KERING SA,2022-12-31,.SBF120
.SBF120,AYV.PA,ALD INTERNATIONAL SA ORD,2022-12-31,.SBF120
.SBF120,BICP.PA,SOCIETE BIC ORD,2022-12-31,.SBF120
.SBF120,ATOS.PA,ATOS SE ORD,2022-12-31,.SBF120
.SBF120,ELIOR.PA,ELIOR GROUP ORD,2022-12-31,.SBF120
.SBF120,ALMCP.PA,MCPHY ENERGY ORD,2022-12-31,.SBF120
.SBF120,FNAC.PA,FNAC DARTY ORD,2022-12-31,.SBF120
.SBF120,MICP.PA,MICHELIN ORD,2022-12-31,.SBF120
.SBF120,SAF.PA,SAFRAN ORD,2022-12-31,.SBF120
.SBF120,RCOP.PA,REMY COINTREAU ORD,2022-12-31,.SBF120
.SBF120,DAST.PA,DASSAULT SYSTEMES ORD,2022-12-31,.SBF120
.SBF120,ACCP.PA,ACCOR SA ORD,2022-12-31,.SBF120
.SBF120,ANTIN.PA,ANTIN INFRASTRUCTURE PARTNERS SAS ORD,2022-12-31,.SBF120
.SBF120,OVH.PA,OVH GROUPE SAS ORD,2022-12-31,.SBF120
.SBF120,MWDP.PA,WENDEL ORD,2022-12-31,.SBF120
.SBF120,ORAN.PA,ORANGE ORD,2022-12-31,.SBF120
.SBF120,EUFI.PA,EUROFINS SCIENTIFIC ORD,2022-12-31,.SBF120
.SBF120,EXHO.PA,SODEXO ORD,2022-12-31,.SBF120
.SBF120,ENX.PA,EURONEXT,2022-12-31,.SBF120
.SBF120,BVI.PA,BUREAU VERITAS REGISTRE INTL ORD,2022-12-31,.SBF120
.SBF120,AIRF.PA,AIR FRANCE-KLM ORD,2022-12-31,.SBF120
.SBF120,AIRP.PA,AIR LIQUIDE ORD,2022-12-31,.SBF120
.SBF120,SASY.PA,SANOFI SA ORD,2022-12-31,.SBF120
.SBF120,TFFP.PA,TF1 ORD,2022-12-31,.SBF120
.SBF120,CARM.PA,CARMILA ORD,2022-12-31,.SBF120
.SBF120,ESLX.PA,ESSILORLUXOTTICA ORD,2022-12-31,.SBF120
.SBF120,AM.PA,DASSAULT AVIATI ORD,2022-12-31,.SBF120
.SBF120,AMUN.PA,AMUNDI ORD,2022-12-31,.SBF120
.SBF120,AIR.PA,AIRBUS SE,2022-12-31,.SBF120
.SBF120,AXAF.PA,AXA ORD,2022-12-31,.SBF120
.SBF120,GFCP.PA,GECINA REIT,2022-12-31,.SBF120
.SBF120,MT.AS,ARCELORMITTAL ORD,2022-12-31,.SBF120
.SBF120,ENGIE.PA,ENGIE ORD,2022-12-31,.SBF120
.SBF120,VU.PA,SES IMAGOTAG ORD,2022-12-31,.SBF120
.SBF120,DBG.PA,DERICHEBOURG ORD,2022-12-31,.SBF120
.SBF120,BOUY.PA,BOUYGUES ORD,2022-12-31,.SBF120
.SBF120,VLLP.PA,VALLOUREC ORD,2022-12-31,.SBF120
.SBF120,UBIP.PA,UBISOFT ORD,2022-12-31,.SBF120
.SBF120,EDF.PA^F23,ELECTRICITE DE FRANCE SA,2022-12-31,.SBF120
.SBF120,SEBF.PA,SEB ORD,2022-12-31,.SBF120
.SBF120,MERY.PA,MERCIALYS REIT,2022-12-31,.SBF120
.SBF120,CASP.PA,CASINO ORD,2022-12-31,.SBF120
.SBF120,SPIE.PA,SPIE PROMESSES ORD SHS,2022-12-31,.SBF120
.SBF120,GTT.PA,GTT PROMESSES ORD,2022-12-31,.SBF120
.SBF120,FOUG.PA,EIFFAGE ORD,2022-12-31,.SBF120
.SBF120,VLOF.PA,VALEO ORD,2022-12-31,.SBF120
.SBF120,ICAD.PA,ICADE REIT,2022-12-31,.SBF120
.SBF120,SESFd.PA,SES SA GDR,2022-12-31,.SBF120
.SBF120,ERMT.PA,ERAMET ORD,2022-12-31,.SBF120
.SBF120,MMTP.PA,METROPOLE TV ORD,2022-12-31,.SBF120
.SBF120,LVMH.PA,LVMH MOET HENNESSY LOUIS VUITT,2022-12-31,.SBF120
.SBF120,SCHN.PA,SCHNEIDER ELECTRIC SE,2022-12-31,.SBF120
.SBF120,ISOS.PA,IPSOS ORD,2022-12-31,.SBF120
.SBF120,CAGR.PA,CREDIT AGRICOLE ORD,2022-12-31,.SBF120
.SBF120,SOGN.PA,SOCIETE GENERALE ORD,2022-12-31,.SBF120
.SBF120,BIOX.PA,BIOMERIEUX ORD,2022-12-31,.SBF120
.SBF120,NEXI.PA,NEXITY ORD,2022-12-31,.SBF120
.SBF120,LEGD.PA,LEGRAND ORD,2022-12-31,.SBF120
.SBF120,SGOB.PA,SAINT-GOBAIN ORD,2022-12-31,.SBF120
.SBF120,ELIS.PA,ELIS ORD SHS,2022-12-31,.SBF120
.SBF120,FRVIA.PA,FAURECIA SA ORD,2022-12-31,.SBF120
.SBF120,IMTP.PA,IMERYS ORD,2022-12-31,.SBF120
.SBF120,SOPR.PA,SOPRA STERIA GROUP,2022-12-31,.SBF120
.SBF120,S30.PA,SOLUTIONS 30 SE,2022-12-31,.SBF120
.SBF120,SOLB.BR,SOLVAY ORD,2022-12-31,.SBF120
.SBF120,CARR.PA,CARREFOUR ORD,2022-12-31,.SBF120
.SBF120,TTEF.PA,TOTALENERGIES SE ORD,2022-12-31,.SBF120
.SBF120,GETP.PA,GETLINK ORD,2022-12-31,.SBF120
.SBF120,RUBF.PA,RUBIS ORD,2022-12-31,.SBF120
.SBF120,JCDX.PA,JCDECAUX SE ORD,2022-12-31,.SBF120
.SBF120,ETL.PA,EUTELSAT COMMUNICATIONS ORD,2022-12-31,.SBF120
.SBF120,RENA.PA,RENAULT PAR,2022-12-31,.SBF120
.SBF120,PUBP.PA,PUBLICIS GROUPE ORD,2022-12-31,.SBF120
.SBF120,CLARI.PA,KORIAN ORD,2022-12-31,.SBF120
.SBF120,LOIM.PA,KLEPIERRE REIT,2022-12-31,.SBF120
.SBF120,ADP.PA,AEROPORTS DE PARIS ORD,2022-12-31,.SBF120
.SBF120,TE.PA,TECHNIP ENERGIES BV ORD,2022-12-31,.SBF120
.SBF120,IPAR.PA,INTERPARFUMS ORD,2022-12-31,.SBF120
.SBF120,SCOR.PA,SCOR SE ORD,2022-12-31,.SBF120
.SBF120,DAMA.PA^B23,SOMFY SA ORD,2022-12-31,.SBF120
.SBF120,VIRB.PA,STE VIRBAC SA,2022-12-31,.SBF120
.SBF120,TEPRF.PA,TELEPERFORMANCE ORD,2022-12-31,.SBF120
.SBF120,VIE.PA,VEOLIA ENVIRONNEMENT VE ORD,2022-12-31,.SBF120
.SBF120,VRLA.PA,VERALLIA SASU ORD,2022-12-31,.SBF120
.SBF120,OREP.PA,L OREAL S.A.,2022-12-31,.SBF120
.SBF120,FDJU.PA,LA FRANCAISE DES JEUX SA ORD,2022-12-31,.SBF120
.SBF120,NEOEN.PA^D25,NEOEN SA ORD,2022-12-31,.SBF120
.SBF120,ALSO.PA,ALSTOM SA ORD,2022-12-31,.SBF120
.SBF120,PERP.PA,PERNOD-RICARD ORD,2022-12-31,.SBF120
.SBF120,OPM.PA,PLASTIC OMNIUM ORD,2022-12-31,.SBF120
.SBF120,EURA.PA,EURAZEO ORD,2022-12-31,.SBF120
.SBF120,STMPA.PA,STMICROELECTRONICS ORD,2022-12-31,.SBF120
.SBF120,WLN.PA,WORLDLINE SA,2022-12-31,.SBF120
.SBF120,TCFP.PA,THALES ORD,2022-12-31,.SBF120
.SBF120,VIRI.PA,CGG,2022-12-31,.SBF120
.SBF120,EAPI.PA,EUROAPI SA ORD,2022-12-31,.SBF120
.SBF120,AKE.PA,ARKEMA ORD,2022-12-31,.SBF120
.SBF120,CAPP.PA,CAPGEMINI ORD,2022-12-31,.SBF120
.SBF120,TRIA.PA,TRIGANO ORD,2023-12-31,.SBF120
.SBF120,CVO.PA,COVIVIO SA ORD,2023-12-31,.SBF120
.SBF120,RXL.PA,REXEL ORD,2023-12-31,.SBF120
.SBF120,CBLP.PA,MERSEN ORD,2023-12-31,.SBF120
.SBF120,EMEIS.PA,ORPEA ORD,2023-12-31,.SBF120
.SBF120,SGEF.PA,VINCI ORD,2023-12-31,.SBF120
.SBF120,URW.PA,UNIBAIL-RODAMCO-WESTFIELD ORD,2023-12-31,.SBF120
.SBF120,NEXS.PA,NEXANS PARIS ORD,2023-12-31,.SBF120
.SBF120,APAM.AS,APERAM ORD,2023-12-31,.SBF120
.SBF120,LTEN.PA,ALTEN ORD,2023-12-31,.SBF120
.SBF120,VIV.PA,VIVENDI ORD,2023-12-31,.SBF120
.SBF120,IPN.PA,IPSEN PROMESSES ORD,2023-12-31,.SBF120
.SBF120,SOIT.PA,SOITEC SA ORD,2023-12-31,.SBF120
.SBF120,STLAM.PA,STELLANTIS NV ORD,2023-12-31,.SBF120
.SBF120,STDM.PA,STEDIM ORD,2023-12-31,.SBF120
.SBF120,BOLL.PA,BOLLORE ORD,2023-12-31,.SBF120
.SBF120,EDEN.PA,EDENRED ORD,2023-12-31,.SBF120
.SBF120,BNPP.PA,BNP PARIBAS ORD,2023-12-31,.SBF120
.SBF120,HRMS.PA,HERMES INTL ORD,2023-12-31,.SBF120
.SBF120,COFA.PA,COFACE PROMESSES ORD,2023-12-31,.SBF120
.SBF120,DANO.PA,GROUPE DANONE ORD,2023-12-31,.SBF120
.SBF120,VLS.PA,VALNEVA,2023-12-31,.SBF120
.SBF120,PRTP.PA,KERING SA,2023-12-31,.SBF120
.SBF120,AYV.PA,ALD INTERNATIONAL SA ORD,2023-12-31,.SBF120
.SBF120,BICP.PA,SOCIETE BIC ORD,2023-12-31,.SBF120
.SBF120,ATOS.PA,ATOS SE ORD,2023-12-31,.SBF120
.SBF120,ELIOR.PA,ELIOR GROUP ORD,2023-12-31,.SBF120
.SBF120,FNAC.PA,FNAC DARTY ORD,2023-12-31,.SBF120
.SBF120,MICP.PA,MICHELIN ORD,2023-12-31,.SBF120
.SBF120,SAF.PA,SAFRAN ORD,2023-12-31,.SBF120
.SBF120,RCOP.PA,REMY COINTREAU ORD,2023-12-31,.SBF120
.SBF120,DAST.PA,DASSAULT SYSTEMES ORD,2023-12-31,.SBF120
.SBF120,ACCP.PA,ACCOR SA ORD,2023-12-31,.SBF120
.SBF120,MWDP.PA,WENDEL ORD,2023-12-31,.SBF120
.SBF120,ORAN.PA,ORANGE ORD,2023-12-31,.SBF120
.SBF120,IDLA.PA,ID LOGISTICS GR ORD,2023-12-31,.SBF120
.SBF120,EUFI.PA,EUROFINS SCIENTIFIC ORD,2023-12-31,.SBF120
.SBF120,EXHO.PA,SODEXO ORD,2023-12-31,.SBF120
.SBF120,ENX.PA,EURONEXT,2023-12-31,.SBF120
.SBF120,BVI.PA,BUREAU VERITAS REGISTRE INTL ORD,2023-12-31,.SBF120
.SBF120,AIRF.PA,AIR FRANCE-KLM ORD,2023-12-31,.SBF120
.SBF120,AIRP.PA,AIR LIQUIDE ORD,2023-12-31,.SBF120
.SBF120,SASY.PA,SANOFI SA ORD,2023-12-31,.SBF120
.SBF120,TFFP.PA,TF1 ORD,2023-12-31,.SBF120
.SBF120,CARM.PA,CARMILA ORD,2023-12-31,.SBF120
.SBF120,ESLX.PA,ESSILORLUXOTTICA ORD,2023-12-31,.SBF120
.SBF120,AM.PA,DASSAULT AVIATI ORD,2023-12-31,.SBF120
.SBF120,AMUN.PA,AMUNDI ORD,2023-12-31,.SBF120
.SBF120,AIR.PA,AIRBUS SE,2023-12-31,.SBF120
.SBF120,AXAF.PA,AXA ORD,2023-12-31,.SBF120
.SBF120,GFCP.PA,GECINA REIT,2023-12-31,.SBF120
.SBF120,MT.AS,ARCELORMITTAL ORD,2023-12-31,.SBF120
.SBF120,ENGIE.PA,ENGIE ORD,2023-12-31,.SBF120
.SBF120,VU.PA,SES IMAGOTAG ORD,2023-12-31,.SBF120
.SBF120,DBG.PA,DERICHEBOURG ORD,2023-12-31,.SBF120
.SBF120,BOUY.PA,BOUYGUES ORD,2023-12-31,.SBF120
.SBF120,VLLP.PA,VALLOUREC ORD,2023-12-31,.SBF120
.SBF120,UBIP.PA,UBISOFT ORD,2023-12-31,.SBF120
.SBF120,SEBF.PA,SEB ORD,2023-12-31,.SBF120
.SBF120,MERY.PA,MERCIALYS REIT,2023-12-31,.SBF120
.SBF120,SPIE.PA,SPIE PROMESSES ORD SHS,2023-12-31,.SBF120
.SBF120,GTT.PA,GTT PROMESSES ORD,2023-12-31,.SBF120
.SBF120,FOUG.PA,EIFFAGE ORD,2023-12-31,.SBF120
.SBF120,VLOF.PA,VALEO ORD,2023-12-31,.SBF120
.SBF120,ICAD.PA,ICADE REIT,2023-12-31,.SBF120
.SBF120,SESFd.PA,SES SA GDR,2023-12-31,.SBF120
.SBF120,ERMT.PA,ERAMET ORD,2023-12-31,.SBF120
.SBF120,MMTP.PA,METROPOLE TV ORD,2023-12-31,.SBF120
.SBF120,LVMH.PA,LVMH MOET HENNESSY LOUIS VUITT,2023-12-31,.SBF120
.SBF120,SCHN.PA,SCHNEIDER ELECTRIC SE,2023-12-31,.SBF120
.SBF120,ISOS.PA,IPSOS ORD,2023-12-31,.SBF120
.SBF120,CAGR.PA,CREDIT AGRICOLE ORD,2023-12-31,.SBF120
.SBF120,SOGN.PA,SOCIETE GENERALE ORD,2023-12-31,.SBF120
.SBF120,BIOX.PA,BIOMERIEUX ORD,2023-12-31,.SBF120
.SBF120,NEXI.PA,NEXITY ORD,2023-12-31,.SBF120
.SBF120,LEGD.PA,LEGRAND ORD,2023-12-31,.SBF120
.SBF120,SGOB.PA,SAINT-GOBAIN ORD,2023-12-31,.SBF120
.SBF120,ELIS.PA,ELIS ORD SHS,2023-12-31,.SBF120
.SBF120,FRVIA.PA,FORVIA ORD,2023-12-31,.SBF120
.SBF120,IMTP.PA,IMERYS ORD,2023-12-31,.SBF120
.SBF120,SOPR.PA,SOPRA STERIA GROUP,2023-12-31,.SBF120
.SBF120,S30.PA,SOLUTIONS 30 SE,2023-12-31,.SBF120
.SBF120,SOLB.BR,SOLVAY ORD,2023-12-31,.SBF120
.SBF120,CARR.PA,CARREFOUR ORD,2023-12-31,.SBF120
.SBF120,LECS.PA,LECTRA SYSTEMS ORD,2023-12-31,.SBF120
.SBF120,TTEF.PA,TOTALENERGIES SE ORD,2023-12-31,.SBF120
.SBF120,GETP.PA,GETLINK ORD,2023-12-31,.SBF120
.SBF120,RUBF.PA,RUBIS ORD,2023-12-31,.SBF120
.SBF120,JCDX.PA,JCDECAUX SE ORD,2023-12-31,.SBF120
.SBF120,ETL.PA,EUTELSAT COMMUNICATIONS ORD,2023-12-31,.SBF120
.SBF120,RENA.PA,RENAULT PAR,2023-12-31,.SBF120
.SBF120,PUBP.PA,PUBLICIS GROUPE ORD,2023-12-31,.SBF120
.SBF120,CLARI.PA,CLARIANE ORD,2023-12-31,.SBF120
.SBF120,VLTSA.PA,VOLTALIA ORD,2023-12-31,.SBF120
.SBF120,CHBE.PA,BENETEAU ORD,2023-12-31,.SBF120
.SBF120,LOIM.PA,KLEPIERRE REIT,2023-12-31,.SBF120
.SBF120,ADP.PA,AEROPORTS DE PARIS ORD,2023-12-31,.SBF120
.SBF120,TE.PA,TECHNIP ENERGIES BV ORD,2023-12-31,.SBF120
.SBF120,IPAR.PA,INTERPARFUMS ORD,2023-12-31,.SBF120
.SBF120,SCOR.PA,SCOR SE ORD,2023-12-31,.SBF120
.SBF120,VIRB.PA,STE VIRBAC SA,2023-12-31,.SBF120
.SBF120,TEPRF.PA,TELEPERFORMANCE ORD,2023-12-31,.SBF120
.SBF120,VIE.PA,VEOLIA ENVIRONNEMENT VE ORD,2023-12-31,.SBF120
.SBF120,VRLA.PA,VERALLIA SASU ORD,2023-12-31,.SBF120
.SBF120,XFAB.PA,X FAB SILICON FOUNDRIES ORD,2023-12-31,.SBF120
.SBF120,OREP.PA,L OREAL S.A.,2023-12-31,.SBF120
.SBF120,FDJU.PA,LA FRANCAISE DES JEUX SA ORD,2023-12-31,.SBF120
.SBF120,NEOEN.PA^D25,NEOEN SA ORD,2023-12-31,.SBF120
.SBF120,ALSO.PA,ALSTOM SA ORD,2023-12-31,.SBF120
.SBF120,ARGAN.PA,ARGAN ORD,2023-12-31,.SBF120
.SBF120,PERP.PA,PERNOD-RICARD ORD,2023-12-31,.SBF120
.SBF120,OPM.PA,PLASTIC OMNIUM ORD,2023-12-31,.SBF120
.SBF120,EURA.PA,EURAZEO ORD,2023-12-31,.SBF120
.SBF120,STMPA.PA,STMICROELECTRONICS ORD,2023-12-31,.SBF120
.SBF120,WLN.PA,WORLDLINE SA,2023-12-31,.SBF120
.SBF120,TCFP.PA,THALES ORD,2023-12-31,.SBF120
.SBF120,VIRI.PA,CGG,2023-12-31,.SBF120
.SBF120,EAPI.PA,EUROAPI SA ORD,2023-12-31,.SBF120
.SBF120,AKE.PA,ARKEMA ORD,2023-12-31,.SBF120
.SBF120,CAPP.PA,CAPGEMINI ORD,2023-12-31,.SBF120
.SBF120,TRIA.PA,TRIGANO ORD,2024-12-31,.SBF120
.SBF120,CVO.PA,COVIVIO SA ORD,2024-12-31,.SBF120
.SBF120,RXL.PA,REXEL ORD,2024-12-31,.SBF120
.SBF120,CBLP.PA,MERSEN ORD,2024-12-31,.SBF120
.SBF120,EMEIS.PA,EMEIS ORD,2024-12-31,.SBF120
.SBF120,ESSF.PA,ESSO SOCIETE ANONYME FRANCAISE ORD,2024-12-31,.SBF120
.SBF120,SGEF.PA,VINCI ORD,2024-12-31,.SBF120
.SBF120,URW.PA,UNIBAIL-RODAMCO-WESTFIELD ORD,2024-12-31,.SBF120
.SBF120,NEXS.PA,NEXANS PARIS ORD,2024-12-31,.SBF120
.SBF120,APAM.AS,APERAM ORD,2024-12-31,.SBF120
.SBF120,LTEN.PA,ALTEN ORD,2024-12-31,.SBF120
.SBF120,VIV.PA,VIVENDI ORD,2024-12-31,.SBF120
.SBF120,IPN.PA,IPSEN PROMESSES ORD,2024-12-31,.SBF120
.SBF120,SOIT.PA,SOITEC SA ORD,2024-12-31,.SBF120
.SBF120,STLAM.PA,STELLANTIS NV ORD,2024-12-31,.SBF120
.SBF120,STDM.PA,STEDIM ORD,2024-12-31,.SBF120
.SBF120,BOLL.PA,BOLLORE ORD,2024-12-31,.SBF120
.SBF120,EDEN.PA,EDENRED ORD,2024-12-31,.SBF120
.SBF120,ROBF.PA,ROBERTET ORD,2024-12-31,.SBF120
.SBF120,BNPP.PA,BNP PARIBAS ORD,2024-12-31,.SBF120
.SBF120,HRMS.PA,HERMES INTL ORD,2024-12-31,.SBF120
.SBF120,COFA.PA,COFACE PROMESSES ORD,2024-12-31,.SBF120
.SBF120,DANO.PA,GROUPE DANONE ORD,2024-12-31,.SBF120
.SBF120,VLS.PA,VALNEVA,2024-12-31,.SBF120
.SBF120,PRTP.PA,KERING SA,2024-12-31,.SBF120
.SBF120,AYV.PA,AYVENS ORD,2024-12-31,.SBF120
.SBF120,BICP.PA,SOCIETE BIC ORD,2024-12-31,.SBF120
.SBF120,ATOS.PA,ATOS SE ORD,2024-12-31,.SBF120
.SBF120,ELIOR.PA,ELIOR GROUP ORD,2024-12-31,.SBF120
.SBF120,MICP.PA,MICHELIN ORD,2024-12-31,.SBF120
.SBF120,SAF.PA,SAFRAN ORD,2024-12-31,.SBF120
.SBF120,RCOP.PA,REMY COINTREAU ORD,2024-12-31,.SBF120
.SBF120,DAST.PA,DASSAULT SYSTEMES ORD,2024-12-31,.SBF120
.SBF120,ACCP.PA,ACCOR SA ORD,2024-12-31,.SBF120
.SBF120,MWDP.PA,WENDEL ORD,2024-12-31,.SBF120
.SBF120,ORAN.PA,ORANGE ORD,2024-12-31,.SBF120
.SBF120,IDLA.PA,ID LOGISTICS GR ORD,2024-12-31,.SBF120
.SBF120,EUFI.PA,EUROFINS SCIENTIFIC ORD,2024-12-31,.SBF120
.SBF120,EXHO.PA,SODEXO ORD,2024-12-31,.SBF120
.SBF120,MAUP.PA,MAUREL ET PROM ORD,2024-12-31,.SBF120
.SBF120,ENX.PA,EURONEXT,2024-12-31,.SBF120
.SBF120,BVI.PA,BUREAU VERITAS REGISTRE INTL ORD,2024-12-31,.SBF120
.SBF120,AIRF.PA,AIR FRANCE-KLM ORD,2024-12-31,.SBF120
.SBF120,AIRP.PA,AIR LIQUIDE ORD,2024-12-31,.SBF120
.SBF120,SASY.PA,SANOFI SA ORD,2024-12-31,.SBF120
.SBF120,TFFP.PA,TF1 ORD,2024-12-31,.SBF120
.SBF120,CARM.PA,CARMILA ORD,2024-12-31,.SBF120
.SBF120,ESLX.PA,ESSILORLUXOTTICA ORD,2024-12-31,.SBF120
.SBF120,AM.PA,DASSAULT AVIATI ORD,2024-12-31,.SBF120
.SBF120,AMUN.PA,AMUNDI ORD,2024-12-31,.SBF120
.SBF120,AIR.PA,AIRBUS SE,2024-12-31,.SBF120
.SBF120,AXAF.PA,AXA ORD,2024-12-31,.SBF120
.SBF120,GFCP.PA,GECINA REIT,2024-12-31,.SBF120
.SBF120,MT.AS,ARCELORMITTAL ORD,2024-12-31,.SBF120
.SBF120,ENGIE.PA,ENGIE ORD,2024-12-31,.SBF120
.SBF120,VU.PA,VUSIONGROUP ORD,2024-12-31,.SBF120
.SBF120,DBG.PA,DERICHEBOURG ORD,2024-12-31,.SBF120
.SBF120,BOUY.PA,BOUYGUES ORD,2024-12-31,.SBF120
.SBF120,VLLP.PA,VALLOUREC ORD,2024-12-31,.SBF120
.SBF120,UBIP.PA,UBISOFT ORD,2024-12-31,.SBF120
.SBF120,SEBF.PA,SEB ORD,2024-12-31,.SBF120
.SBF120,MERY.PA,MERCIALYS REIT,2024-12-31,.SBF120
.SBF120,PLX.PA,PLUXEE ORD SHS,2024-12-31,.SBF120
.SBF120,SPIE.PA,SPIE PROMESSES ORD SHS,2024-12-31,.SBF120
.SBF120,GTT.PA,GTT PROMESSES ORD,2024-12-31,.SBF120
.SBF120,FOUG.PA,EIFFAGE ORD,2024-12-31,.SBF120
.SBF120,VLOF.PA,VALEO ORD,2024-12-31,.SBF120
.SBF120,ICAD.PA,ICADE REIT,2024-12-31,.SBF120
.SBF120,SESFd.PA,SES SA GDR,2024-12-31,.SBF120
.SBF120,ERMT.PA,ERAMET ORD,2024-12-31,.SBF120
.SBF120,MMTP.PA,METROPOLE TV ORD,2024-12-31,.SBF120
.SBF120,LVMH.PA,LVMH MOET HENNESSY LOUIS VUITT,2024-12-31,.SBF120
.SBF120,SCHN.PA,SCHNEIDER ELECTRIC SE,2024-12-31,.SBF120
.SBF120,ISOS.PA,IPSOS ORD,2024-12-31,.SBF120
.SBF120,CAGR.PA,CREDIT AGRICOLE ORD,2024-12-31,.SBF120
.SBF120,SOGN.PA,SOCIETE GENERALE ORD,2024-12-31,.SBF120
.SBF120,BIOX.PA,BIOMERIEUX ORD,2024-12-31,.SBF120
.SBF120,NEXI.PA,NEXITY ORD,2024-12-31,.SBF120
.SBF120,LEGD.PA,LEGRAND ORD,2024-12-31,.SBF120
.SBF120,SGOB.PA,SAINT-GOBAIN ORD,2024-12-31,.SBF120
.SBF120,ELIS.PA,ELIS ORD SHS,2024-12-31,.SBF120
.SBF120,FRVIA.PA,FORVIA ORD,2024-12-31,.SBF120
.SBF120,IMTP.PA,IMERYS ORD,2024-12-31,.SBF120
.SBF120,SOPR.PA,SOPRA STERIA GROUP,2024-12-31,.SBF120
.SBF120,SOLB.BR,SOLVAY ORD,2024-12-31,.SBF120
.SBF120,CARR.PA,CARREFOUR ORD,2024-12-31,.SBF120
.SBF120,TTEF.PA,TOTALENERGIES SE ORD,2024-12-31,.SBF120
.SBF120,GETP.PA,GETLINK ORD,2024-12-31,.SBF120
.SBF120,RUBF.PA,RUBIS ORD,2024-12-31,.SBF120
.SBF120,JCDX.PA,JCDECAUX SE ORD,2024-12-31,.SBF120
.SBF120,RENA.PA,RENAULT PAR,2024-12-31,.SBF120
.SBF120,PUBP.PA,PUBLICIS GROUPE ORD,2024-12-31,.SBF120
.SBF120,CLARI.PA,CLARIANE ORD,2024-12-31,.SBF120
.SBF120,CHBE.PA,BENETEAU ORD,2024-12-31,.SBF120
.SBF120,LOIM.PA,KLEPIERRE REIT,2024-12-31,.SBF120
.SBF120,ADP.PA,AEROPORTS DE PARIS ORD,2024-12-31,.SBF120
.SBF120,TE.PA,TECHNIP ENERGIES BV ORD,2024-12-31,.SBF120
.SBF120,IPAR.PA,INTERPARFUMS ORD,2024-12-31,.SBF120
.SBF120,SCOR.PA,SCOR SE ORD,2024-12-31,.SBF120
.SBF120,MEDCL.PA,MEDINCELL SA ORD,2024-12-31,.SBF120
.SBF120,VCTP.PA,VICAT SA ORD,2024-12-31,.SBF120
.SBF120,VIRB.PA,STE VIRBAC SA,2024-12-31,.SBF120
.SBF120,TEPRF.PA,TELEPERFORMANCE ORD,2024-12-31,.SBF120
.SBF120,VIE.PA,VEOLIA ENVIRONNEMENT VE ORD,2024-12-31,.SBF120
.SBF120,PLNW.PA,PLANISWARE SA ORD,2024-12-31,.SBF120
.SBF120,VRLA.PA,VERALLIA SASU ORD,2024-12-31,.SBF120
.SBF120,OREP.PA,L OREAL S.A.,2024-12-31,.SBF120
.SBF120,FDJU.PA,LA FRANCAISE DES JEUX SA ORD,2024-12-31,.SBF120
.SBF120,NEOEN.PA^D25,NEOEN SA ORD,2024-12-31,.SBF120
.SBF120,ALSO.PA,ALSTOM SA ORD,2024-12-31,.SBF120
.SBF120,ARGAN.PA,ARGAN ORD,2024-12-31,.SBF120
.SBF120,PERP.PA,PERNOD-RICARD ORD,2024-12-31,.SBF120
.SBF120,OPM.PA,OPMOBILITY ORD,2024-12-31,.SBF120
.SBF120,EURA.PA,EURAZEO ORD,2024-12-31,.SBF120
.SBF120,STMPA.PA,STMICROELECTRONICS ORD,2024-12-31,.SBF120
.SBF120,WLN.PA,WORLDLINE SA,2024-12-31,.SBF120
.SBF120,TCFP.PA,THALES ORD,2024-12-31,.SBF120
.SBF120,VIRI.PA,VIRIDIEN ORD,2024-12-31,.SBF120
.SBF120,AKE.PA,ARKEMA ORD,2024-12-31,.SBF120
.SBF120,CAPP.PA,CAPGEMINI ORD,2024-12-31,.SBF120
.GDAXI,BASFn.DE,BASF SE ORD,2019-12-31,.GDAXI
.GDAXI,IFXGn.DE,INFINEON TECHNOLOGIES ORD,2019-12-31,.GDAXI
.GDAXI,SIEGn.DE,SIEMENS ORD,2019-12-31,.GDAXI
.GDAXI,EONGn.DE,E.ON ORD,2019-12-31,.GDAXI
.GDAXI,DBKGn.DE,DEUTSCHE BANK ORD,2019-12-31,.GDAXI
.GDAXI,SAPG.DE,SAP SE ORD,2019-12-31,.GDAXI
.GDAXI,BAYGn.DE,BAYER AG,2019-12-31,.GDAXI
.GDAXI,RWEG.DE,RWE ST A ORD,2019-12-31,.GDAXI
.GDAXI,1COVG.DE,COVESTRO ORD,2019-12-31,.GDAXI
.GDAXI,HNKG_p.DE,HENKEL& KGAA PRF,2019-12-31,.GDAXI
.GDAXI,DTEGn.DE,DEUTSCHE TELEKOM AG ORD,2019-12-31,.GDAXI
.GDAXI,LIN.DE,LINDE PLC ORD,2019-12-31,.GDAXI
.GDAXI,MRCG.DE,MERCK ORD,2019-12-31,.GDAXI
.GDAXI,VOWG_p.DE,VOLKSWAGEN PRF,2019-12-31,.GDAXI
.GDAXI,BMWG.DE,BMW AG,2019-12-31,.GDAXI
.GDAXI,BEIG.DE,BEIERSDORF ORD,2019-12-31,.GDAXI
.GDAXI,HEIG.DE,HEIDELBGCEMENT ORD,2019-12-31,.GDAXI
.GDAXI,MTXGn.DE,MTU AERO ENGINES ORD,2019-12-31,.GDAXI
.GDAXI,FMEG.DE,FRESENIUS MEDICAL CARE ORD,2019-12-31,.GDAXI
.GDAXI,FREG.DE,FRESENIUS SE ORD,2019-12-31,.GDAXI
.GDAXI,DHLn.DE,DEUTSCHE POST ORD,2019-12-31,.GDAXI
.GDAXI,ALVG.DE,ALLIANZ SE ORD,2019-12-31,.GDAXI
.GDAXI,LHAG.DE,LUFTHANSA ORD,2019-12-31,.GDAXI
.GDAXI,MUVGn.DE,MUNICH RE ORD,2019-12-31,.GDAXI
.GDAXI,CONG.DE,CONTINENTAL ORD,2019-12-31,.GDAXI
.GDAXI,ADSGn.DE,ADIDAS ORD,2019-12-31,.GDAXI
.GDAXI,MBGn.DE,DAIMLER ORD,2019-12-31,.GDAXI
.GDAXI,VNAn.DE,VONOVIA SE,2019-12-31,.GDAXI
.GDAXI,DB1Gn.DE,DEUTSCHE BOERSE AG ORD,2019-12-31,.GDAXI
.GDAXI,WDIG.DE^A21,WIRECARD ORD,2019-12-31,.GDAXI
.GDAXI,BASFn.DE,BASF SE ORD,2020-12-31,.GDAXI
.GDAXI,IFXGn.DE,INFINEON TECHNOLOGIES ORD,2020-12-31,.GDAXI
.GDAXI,SIEGn.DE,SIEMENS ORD,2020-12-31,.GDAXI
.GDAXI,EONGn.DE,E.ON ORD,2020-12-31,.GDAXI
.GDAXI,DWNG.DE,DT WOHNEN ORD,2020-12-31,.GDAXI
.GDAXI,DBKGn.DE,DEUTSCHE BANK ORD,2020-12-31,.GDAXI
.GDAXI,SAPG.DE,SAP SE ORD,2020-12-31,.GDAXI
.GDAXI,BAYGn.DE,BAYER AG,2020-12-31,.GDAXI
.GDAXI,RWEG.DE,RWE ST A ORD,2020-12-31,.GDAXI
.GDAXI,1COVG.DE,COVESTRO ORD,2020-12-31,.GDAXI
.GDAXI,HNKG_p.DE,HENKEL& KGAA PRF,2020-12-31,.GDAXI
.GDAXI,DTEGn.DE,DEUTSCHE TELEKOM AG ORD,2020-12-31,.GDAXI
.GDAXI,LIN.DE,LINDE PLC ORD,2020-12-31,.GDAXI
.GDAXI,MRCG.DE,MERCK ORD,2020-12-31,.GDAXI
.GDAXI,VOWG_p.DE,VOLKSWAGEN PRF,2020-12-31,.GDAXI
.GDAXI,BMWG.DE,BMW AG,2020-12-31,.GDAXI
.GDAXI,BEIG.DE,BEIERSDORF ORD,2020-12-31,.GDAXI
.GDAXI,HEIG.DE,HEIDELBGCEMENT ORD,2020-12-31,.GDAXI
.GDAXI,MTXGn.DE,MTU AERO ENGINES ORD,2020-12-31,.GDAXI
.GDAXI,FMEG.DE,FRESENIUS MEDICAL CARE ORD,2020-12-31,.GDAXI
.GDAXI,FREG.DE,FRESENIUS SE ORD,2020-12-31,.GDAXI
.GDAXI,DHLn.DE,DEUTSCHE POST ORD,2020-12-31,.GDAXI
.GDAXI,ALVG.DE,ALLIANZ SE ORD,2020-12-31,.GDAXI
.GDAXI,MUVGn.DE,MUNICH RE ORD,2020-12-31,.GDAXI
.GDAXI,CONG.DE,CONTINENTAL ORD,2020-12-31,.GDAXI
.GDAXI,ADSGn.DE,ADIDAS ORD,2020-12-31,.GDAXI
.GDAXI,DHER.DE,DELIVERY HERO AG ORD,2020-12-31,.GDAXI
.GDAXI,MBGn.DE,DAIMLER ORD,2020-12-31,.GDAXI
.GDAXI,VNAn.DE,VONOVIA SE,2020-12-31,.GDAXI
.GDAXI,DB1Gn.DE,DEUTSCHE BOERSE AG ORD,2020-12-31,.GDAXI
.GDAXI,BASFn.DE,BASF SE ORD,2021-12-31,.GDAXI
.GDAXI,IFXGn.DE,INFINEON TECHNOLOGIES ORD,2021-12-31,.GDAXI
.GDAXI,SIEGn.DE,SIEMENS ORD,2021-12-31,.GDAXI
.GDAXI,EONGn.DE,E.ON ORD,2021-12-31,.GDAXI
.GDAXI,DBKGn.DE,DEUTSCHE BANK ORD,2021-12-31,.GDAXI
.GDAXI,SATG_p.DE,SARTORIUS PRF,2021-12-31,.GDAXI
.GDAXI,SAPG.DE,SAP SE ORD,2021-12-31,.GDAXI
.GDAXI,BAYGn.DE,BAYER AG,2021-12-31,.GDAXI
.GDAXI,RWEG.DE,RWE ST A ORD,2021-12-31,.GDAXI
.GDAXI,1COVG.DE,COVESTRO ORD,2021-12-31,.GDAXI
.GDAXI,HNKG_p.DE,HENKEL& KGAA PRF,2021-12-31,.GDAXI
.GDAXI,ZALG.DE,ZALANDO ORD SHS,2021-12-31,.GDAXI
.GDAXI,DTEGn.DE,DEUTSCHE TELEKOM AG ORD,2021-12-31,.GDAXI
.GDAXI,LIN.DE,LINDE PLC ORD,2021-12-31,.GDAXI
.GDAXI,MRCG.DE,MERCK ORD,2021-12-31,.GDAXI
.GDAXI,PSHG_p.DE,PORSCHE SE VZ PRF,2021-12-31,.GDAXI
.GDAXI,VOWG_p.DE,VOLKSWAGEN PRF,2021-12-31,.GDAXI
.GDAXI,BMWG.DE,BMW AG,2021-12-31,.GDAXI
.GDAXI,BEIG.DE,BEIERSDORF ORD,2021-12-31,.GDAXI
.GDAXI,HEIG.DE,HEIDELBGCEMENT ORD,2021-12-31,.GDAXI
.GDAXI,MTXGn.DE,MTU AERO ENGINES ORD,2021-12-31,.GDAXI
.GDAXI,FMEG.DE,FRESENIUS MEDICAL CARE ORD,2021-12-31,.GDAXI
.GDAXI,HFGG.DE,HELLOFRESH SEORD,2021-12-31,.GDAXI
.GDAXI,FREG.DE,FRESENIUS SE ORD,2021-12-31,.GDAXI
.GDAXI,DHLn.DE,DEUTSCHE POST ORD,2021-12-31,.GDAXI
.GDAXI,ALVG.DE,ALLIANZ SE ORD,2021-12-31,.GDAXI
.GDAXI,MUVGn.DE,MUNICH RE ORD,2021-12-31,.GDAXI
.GDAXI,CONG.DE,CONTINENTAL ORD,2021-12-31,.GDAXI
.GDAXI,SHLG.DE,SIEMENS HEALTHINEERS AG ORD,2021-12-31,.GDAXI
.GDAXI,SY1G.DE,SYMRISE ORD,2021-12-31,.GDAXI
.GDAXI,ADSGn.DE,ADIDAS ORD,2021-12-31,.GDAXI
.GDAXI,DHER.DE,DELIVERY HERO AG ORD,2021-12-31,.GDAXI
.GDAXI,ENR1n.DE,SIEMENS ENERGY AG ORD,2021-12-31,.GDAXI
.GDAXI,MBGn.DE,DAIMLER AG ORD,2021-12-31,.GDAXI
.GDAXI,BNRGn.DE,BRENNTAG ORD,2021-12-31,.GDAXI
.GDAXI,AIRG.DE,AIRBUS SE,2021-12-31,.GDAXI
.GDAXI,VNAn.DE,VONOVIA SE,2021-12-31,.GDAXI
.GDAXI,DB1Gn.DE,DEUTSCHE BOERSE AG ORD,2021-12-31,.GDAXI
.GDAXI,PUMG.DE,PUMA SE ORD,2021-12-31,.GDAXI
.GDAXI,QIA.DE,QIAGEN ORD,2021-12-31,.GDAXI
.GDAXI,BASFn.DE,BASF SE ORD,2022-12-31,.GDAXI
.GDAXI,IFXGn.DE,INFINEON TECHNOLOGIES ORD,2022-12-31,.GDAXI
.GDAXI,SIEGn.DE,SIEMENS ORD,2022-12-31,.GDAXI
.GDAXI,EONGn.DE,E.ON ORD,2022-12-31,.GDAXI
.GDAXI,DBKGn.DE,DEUTSCHE BANK ORD,2022-12-31,.GDAXI
.GDAXI,SATG_p.DE,SARTORIUS PRF,2022-12-31,.GDAXI
.GDAXI,SAPG.DE,SAP SE ORD,2022-12-31,.GDAXI
.GDAXI,BAYGn.DE,BAYER AG,2022-12-31,.GDAXI
.GDAXI,RWEG.DE,RWE ST A ORD,2022-12-31,.GDAXI
.GDAXI,1COVG.DE,COVESTRO ORD,2022-12-31,.GDAXI
.GDAXI,HNKG_p.DE,HENKEL& KGAA PRF,2022-12-31,.GDAXI
.GDAXI,ZALG.DE,ZALANDO ORD SHS,2022-12-31,.GDAXI
.GDAXI,DTEGn.DE,DEUTSCHE TELEKOM AG ORD,2022-12-31,.GDAXI
.GDAXI,LIN.DE,LINDE PLC ORD,2022-12-31,.GDAXI
.GDAXI,MRCG.DE,MERCK ORD,2022-12-31,.GDAXI
.GDAXI,PSHG_p.DE,PORSCHE SE VZ PRF,2022-12-31,.GDAXI
.GDAXI,VOWG_p.DE,VOLKSWAGEN PRF,2022-12-31,.GDAXI
.GDAXI,BMWG.DE,BMW AG,2022-12-31,.GDAXI
.GDAXI,BEIG.DE,BEIERSDORF ORD,2022-12-31,.GDAXI
.GDAXI,HEIG.DE,HEIDELBGCEMENT ORD,2022-12-31,.GDAXI
.GDAXI,MTXGn.DE,MTU AERO ENGINES ORD,2022-12-31,.GDAXI
.GDAXI,FMEG.DE,FRESENIUS MEDICAL CARE ORD,2022-12-31,.GDAXI
.GDAXI,FREG.DE,FRESENIUS SE ORD,2022-12-31,.GDAXI
.GDAXI,DHLn.DE,DEUTSCHE POST ORD,2022-12-31,.GDAXI
.GDAXI,ALVG.DE,ALLIANZ SE ORD,2022-12-31,.GDAXI
.GDAXI,MUVGn.DE,MUNICH RE ORD,2022-12-31,.GDAXI
.GDAXI,CONG.DE,CONTINENTAL ORD,2022-12-31,.GDAXI
.GDAXI,SHLG.DE,SIEMENS HEALTHINEERS AG ORD,2022-12-31,.GDAXI
.GDAXI,SY1G.DE,SYMRISE ORD,2022-12-31,.GDAXI
.GDAXI,ADSGn.DE,ADIDAS ORD,2022-12-31,.GDAXI
.GDAXI,HNRGn.DE,HANNOVER RUECKVERSICHERUNG ORD,2022-12-31,.GDAXI
.GDAXI,DTGGe.DE,DAIMLER TRUCK AG ORD,2022-12-31,.GDAXI
.GDAXI,ENR1n.DE,SIEMENS ENERGY AG ORD,2022-12-31,.GDAXI
.GDAXI,MBGn.DE,MERCEDES-BENZ GROUP AG ORD,2022-12-31,.GDAXI
.GDAXI,BNRGn.DE,BRENNTAG ORD,2022-12-31,.GDAXI
.GDAXI,AIRG.DE,AIRBUS SE,2022-12-31,.GDAXI
.GDAXI,VNAn.DE,VONOVIA SE,2022-12-31,.GDAXI
.GDAXI,DB1Gn.DE,DEUTSCHE BOERSE AG ORD,2022-12-31,.GDAXI
.GDAXI,QIA.DE,QIAGEN ORD,2022-12-31,.GDAXI
.GDAXI,P911_p.DE,DR ING HC F PORSCHE AG PREF,2022-12-31,.GDAXI
.GDAXI,BASFn.DE,BASF SE ORD,2023-12-31,.GDAXI
.GDAXI,IFXGn.DE,INFINEON TECHNOLOGIES ORD,2023-12-31,.GDAXI
.GDAXI,SIEGn.DE,SIEMENS ORD,2023-12-31,.GDAXI
.GDAXI,EONGn.DE,E.ON ORD,2023-12-31,.GDAXI
.GDAXI,DBKGn.DE,DEUTSCHE BANK ORD,2023-12-31,.GDAXI
.GDAXI,SATG_p.DE,SARTORIUS PRF,2023-12-31,.GDAXI
.GDAXI,SAPG.DE,SAP SE ORD,2023-12-31,.GDAXI
.GDAXI,BAYGn.DE,BAYER AG,2023-12-31,.GDAXI
.GDAXI,RWEG.DE,RWE ST A ORD,2023-12-31,.GDAXI
.GDAXI,1COVG.DE,COVESTRO ORD,2023-12-31,.GDAXI
.GDAXI,HNKG_p.DE,HENKEL& KGAA PRF,2023-12-31,.GDAXI
.GDAXI,ZALG.DE,ZALANDO ORD SHS,2023-12-31,.GDAXI
.GDAXI,DTEGn.DE,DEUTSCHE TELEKOM AG ORD,2023-12-31,.GDAXI
.GDAXI,MRCG.DE,MERCK ORD,2023-12-31,.GDAXI
.GDAXI,PSHG_p.DE,PORSCHE SE VZ PRF,2023-12-31,.GDAXI
.GDAXI,VOWG_p.DE,VOLKSWAGEN PRF,2023-12-31,.GDAXI
.GDAXI,BMWG.DE,BMW AG,2023-12-31,.GDAXI
.GDAXI,BEIG.DE,BEIERSDORF ORD,2023-12-31,.GDAXI
.GDAXI,HEIG.DE,HEIDELBGCEMENT ORD,2023-12-31,.GDAXI
.GDAXI,RHMG.DE,RHEINMETALL ORD,2023-12-31,.GDAXI
.GDAXI,MTXGn.DE,MTU AERO ENGINES ORD,2023-12-31,.GDAXI
.GDAXI,FREG.DE,FRESENIUS SE ORD,2023-12-31,.GDAXI
.GDAXI,DHLn.DE,DEUTSCHE POST ORD,2023-12-31,.GDAXI
.GDAXI,ALVG.DE,ALLIANZ SE ORD,2023-12-31,.GDAXI
.GDAXI,MUVGn.DE,MUNICH RE ORD,2023-12-31,.GDAXI
.GDAXI,CONG.DE,CONTINENTAL ORD,2023-12-31,.GDAXI
.GDAXI,SHLG.DE,SIEMENS HEALTHINEERS AG ORD,2023-12-31,.GDAXI
.GDAXI,SY1G.DE,SYMRISE ORD,2023-12-31,.GDAXI
.GDAXI,ADSGn.DE,ADIDAS ORD,2023-12-31,.GDAXI
.GDAXI,HNRGn.DE,HANNOVER RUECKVERSICHERUNG ORD,2023-12-31,.GDAXI
.GDAXI,DTGGe.DE,DAIMLER TRUCK AG ORD,2023-12-31,.GDAXI
.GDAXI,ENR1n.DE,SIEMENS ENERGY AG ORD,2023-12-31,.GDAXI
.GDAXI,MBGn.DE,MERCEDES-BENZ GROUP AG ORD,2023-12-31,.GDAXI
.GDAXI,BNRGn.DE,BRENNTAG ORD,2023-12-31,.GDAXI
.GDAXI,CBKG.DE,COMMERZBANK AG,2023-12-31,.GDAXI
.GDAXI,AIRG.DE,AIRBUS SE,2023-12-31,.GDAXI
.GDAXI,VNAn.DE,VONOVIA SE,2023-12-31,.GDAXI
.GDAXI,DB1Gn.DE,DEUTSCHE BOERSE AG ORD,2023-12-31,.GDAXI
.GDAXI,QIA.DE,QIAGEN ORD,2023-12-31,.GDAXI
.GDAXI,P911_p.DE,DR ING HC F PORSCHE AG PREF,2023-12-31,.GDAXI
.GDAXI,BASFn.DE,BASF SE ORD,2024-12-31,.GDAXI
.GDAXI,IFXGn.DE,INFINEON TECHNOLOGIES ORD,2024-12-31,.GDAXI
.GDAXI,SIEGn.DE,SIEMENS ORD,2024-12-31,.GDAXI
.GDAXI,EONGn.DE,E.ON ORD,2024-12-31,.GDAXI
.GDAXI,DBKGn.DE,DEUTSCHE BANK ORD,2024-12-31,.GDAXI
.GDAXI,SATG_p.DE,SARTORIUS PRF,2024-12-31,.GDAXI
.GDAXI,SAPG.DE,SAP SE ORD,2024-12-31,.GDAXI
.GDAXI,BAYGn.DE,BAYER AG,2024-12-31,.GDAXI
.GDAXI,RWEG.DE,RWE ST A ORD,2024-12-31,.GDAXI
.GDAXI,HNKG_p.DE,HENKEL& KGAA PRF,2024-12-31,.GDAXI
.GDAXI,ZALG.DE,ZALANDO ORD SHS,2024-12-31,.GDAXI
.GDAXI,DTEGn.DE,DEUTSCHE TELEKOM AG ORD,2024-12-31,.GDAXI
.GDAXI,MRCG.DE,MERCK ORD,2024-12-31,.GDAXI
.GDAXI,PSHG_p.DE,PORSCHE SE VZ PRF,2024-12-31,.GDAXI
.GDAXI,VOWG_p.DE,VOLKSWAGEN PRF,2024-12-31,.GDAXI
.GDAXI,BMWG.DE,BMW AG,2024-12-31,.GDAXI
.GDAXI,BEIG.DE,BEIERSDORF ORD,2024-12-31,.GDAXI
.GDAXI,HEIG.DE,HEIDELBGCEMENT ORD,2024-12-31,.GDAXI
.GDAXI,RHMG.DE,RHEINMETALL ORD,2024-12-31,.GDAXI
.GDAXI,MTXGn.DE,MTU AERO ENGINES ORD,2024-12-31,.GDAXI
.GDAXI,FMEG.DE,FRESENIUS MEDICAL CARE ORD,2024-12-31,.GDAXI
.GDAXI,FREG.DE,FRESENIUS SE ORD,2024-12-31,.GDAXI
.GDAXI,DHLn.DE,DEUTSCHE POST ORD,2024-12-31,.GDAXI
.GDAXI,ALVG.DE,ALLIANZ SE ORD,2024-12-31,.GDAXI
.GDAXI,MUVGn.DE,MUNICH RE ORD,2024-12-31,.GDAXI
.GDAXI,CONG.DE,CONTINENTAL ORD,2024-12-31,.GDAXI
.GDAXI,SHLG.DE,SIEMENS HEALTHINEERS AG ORD,2024-12-31,.GDAXI
.GDAXI,SY1G.DE,SYMRISE ORD,2024-12-31,.GDAXI
.GDAXI,ADSGn.DE,ADIDAS ORD,2024-12-31,.GDAXI
.GDAXI,HNRGn.DE,HANNOVER RUECKVERSICHERUNG ORD,2024-12-31,.GDAXI
.GDAXI,DTGGe.DE,DAIMLER TRUCK AG ORD,2024-12-31,.GDAXI
.GDAXI,ENR1n.DE,SIEMENS ENERGY AG ORD,2024-12-31,.GDAXI
.GDAXI,MBGn.DE,MERCEDES-BENZ GROUP AG ORD,2024-12-31,.GDAXI
.GDAXI,BNRGn.DE,BRENNTAG ORD,2024-12-31,.GDAXI
.GDAXI,CBKG.DE,COMMERZBANK AG,2024-12-31,.GDAXI
.GDAXI,AIRG.DE,AIRBUS SE,2024-12-31,.GDAXI
.GDAXI,VNAn.DE,VONOVIA SE,2024-12-31,.GDAXI
.GDAXI,DB1Gn.DE,DEUTSCHE BOERSE AG ORD,2024-12-31,.GDAXI
.GDAXI,QIA.DE,QIAGEN ORD,2024-12-31,.GDAXI
.GDAXI,P911_p.DE,DR ING HC F PORSCHE AG PREF,2024-12-31,.GDAXI
.AEX,PRX.AS,,2019-12-31,.AEX
.AEX,MT.AS,ARCELORMITTAL ORD,2019-12-31,.AEX
.AEX,ASRNL.AS,ARS NEDERLAND NV WHEN ISSUED,2019-12-31,.AEX
.AEX,RAND.AS,RANDSTAD ORD,2019-12-31,.AEX
.AEX,ASML.AS,ASML HOLDING ORD,2019-12-31,.AEX
.AEX,AEGN.AS,AEGON ORD,2019-12-31,.AEX
.AEX,SHEL.AS,ROYAL DUTCH SHELL ORD SH A,2019-12-31,.AEX
.AEX,INGA.AS,ING GROEP ORD,2019-12-31,.AEX
.AEX,ABNd.AS,ABN AMRO BANK ORD,2019-12-31,.AEX
.AEX,DSMN.AS^E23,KONINKLIJKE DSM ORD,2019-12-31,.AEX
.AEX,AKZO.AS,AKZO NOBEL ORD,2019-12-31,.AEX
.AEX,VOPA.AS,VOPAK ORD,2019-12-31,.AEX
.AEX,IMCD.AS,IMCD,2019-12-31,.AEX
.AEX,HEIN.AS,HEINEKEN ORD,2019-12-31,.AEX
.AEX,REL.AS,RELX PLC ORD,2019-12-31,.AEX
.AEX,AALB.AS,AALBERTS ORD,2019-12-31,.AEX
.AEX,PHG.AS,KONINKLIJKE PHILIPS NV,2019-12-31,.AEX
.AEX,UNA.AS^K20,UNILEVER OS ORD,2019-12-31,.AEX
.AEX,AD.AS,KONINKLIJKE AHOLD DELHAIZE NV ORD,2019-12-31,.AEX
.AEX,WLSNc.AS,WOLTERS KLUWERS ORD,2019-12-31,.AEX
.AEX,ADYEN.AS,ADYEN NV ORD,2019-12-31,.AEX
.AEX,URW.PA,UNIBAIL-RODAMCO-WESTFIELD ORD,2019-12-31,.AEX
.AEX,NN.AS,NN GROUP ORD SHS,2019-12-31,.AEX
.AEX,GLPG.AS,GALAPAGOS ORD,2019-12-31,.AEX
.AEX,KPN.AS,KPN-KON.NV ORD,2019-12-31,.AEX
.AEX,TKWY.AS,TAKEAWAY.COM HOLDING ORD,2019-12-31,.AEX
.AEX,TKWY.AS,TAKEAWAY.COM HOLDING ORD,2019-12-31,.AEX
.AEX,PRX.AS,PROSUS NV ORD,2020-12-31,.AEX
.AEX,MT.AS,ARCELORMITTAL ORD,2020-12-31,.AEX
.AEX,ASRNL.AS,ARS NEDERLAND NV WHEN ISSUED,2020-12-31,.AEX
.AEX,ULVR.AS,UNILEVER PLC ORD,2020-12-31,.AEX
.AEX,RAND.AS,RANDSTAD ORD,2020-12-31,.AEX
.AEX,ASMI.AS,ASM INTL ORD,2020-12-31,.AEX
.AEX,ASML.AS,ASML HOLDING ORD,2020-12-31,.AEX
.AEX,AEGN.AS,AEGON ORD,2020-12-31,.AEX
.AEX,SHEL.AS,ROYAL DUTCH SHELL ORD SH A,2020-12-31,.AEX
.AEX,INGA.AS,ING GROEP ORD,2020-12-31,.AEX
.AEX,ABNd.AS,ABN AMRO BANK ORD,2020-12-31,.AEX
.AEX,DSMN.AS^E23,KONINKLIJKE DSM ORD,2020-12-31,.AEX
.AEX,AKZO.AS,AKZO NOBEL ORD,2020-12-31,.AEX
.AEX,IMCD.AS,IMCD,2020-12-31,.AEX
.AEX,HEIN.AS,HEINEKEN ORD,2020-12-31,.AEX
.AEX,REL.AS,RELX PLC ORD,2020-12-31,.AEX
.AEX,PHG.AS,KONINKLIJKE PHILIPS NV,2020-12-31,.AEX
.AEX,AD.AS,KONINKLIJKE AHOLD DELHAIZE NV ORD,2020-12-31,.AEX
.AEX,WLSNc.AS,WOLTERS KLUWERS ORD,2020-12-31,.AEX
.AEX,ADYEN.AS,ADYEN NV ORD,2020-12-31,.AEX
.AEX,URW.PA,UNIBAIL-RODAMCO-WESTFIELD ORD,2020-12-31,.AEX
.AEX,NN.AS,NN GROUP ORD SHS,2020-12-31,.AEX
.AEX,GLPG.AS,GALAPAGOS ORD,2020-12-31,.AEX
.AEX,KPN.AS,KPN-KON.NV ORD,2020-12-31,.AEX
.AEX,TKWY.AS,JUST EAT TAKEAWAY.COM NV ORD,2020-12-31,.AEX
.AEX,TKWY.AS,JUST EAT TAKEAWAY.COM NV ORD,2020-12-31,.AEX
.AEX,TKWY.AS,JUST EAT TAKEAWAY.COM NV ORD,2020-12-31,.AEX
.AEX,PRX.AS,PROSUS NV ORD,2021-12-31,.AEX
.AEX,MT.AS,ARCELORMITTAL ORD,2021-12-31,.AEX
.AEX,BESI.AS,BE SEMICONDUCTOR ORD,2021-12-31,.AEX
.AEX,ULVR.AS,UNILEVER PLC ORD,2021-12-31,.AEX
.AEX,RAND.AS,RANDSTAD ORD,2021-12-31,.AEX
.AEX,ASMI.AS,ASM INTL ORD,2021-12-31,.AEX
.AEX,ASML.AS,ASML HOLDING ORD,2021-12-31,.AEX
.AEX,AEGN.AS,AEGON ORD,2021-12-31,.AEX
.AEX,SHEL.AS,ROYAL DUTCH SHELL ORD SH A,2021-12-31,.AEX
.AEX,INGA.AS,ING GROEP ORD,2021-12-31,.AEX
.AEX,DSMN.AS^E23,KONINKLIJKE DSM ORD,2021-12-31,.AEX
.AEX,AKZO.AS,AKZO NOBEL ORD,2021-12-31,.AEX
.AEX,IMCD.AS,IMCD,2021-12-31,.AEX
.AEX,HEIN.AS,HEINEKEN ORD,2021-12-31,.AEX
.AEX,REL.AS,RELX PLC ORD,2021-12-31,.AEX
.AEX,PHG.AS,KONINKLIJKE PHILIPS NV,2021-12-31,.AEX
.AEX,AD.AS,KONINKLIJKE AHOLD DELHAIZE NV ORD,2021-12-31,.AEX
.AEX,WLSNc.AS,WOLTERS KLUWERS ORD,2021-12-31,.AEX
.AEX,ADYEN.AS,ADYEN NV ORD,2021-12-31,.AEX
.AEX,URW.PA,UNIBAIL-RODAMCO-WESTFIELD ORD,2021-12-31,.AEX
.AEX,LIGHT.AS,SIGNIFY NV ORD,2021-12-31,.AEX
.AEX,NN.AS,NN GROUP ORD SHS,2021-12-31,.AEX
.AEX,KPN.AS,KPN-KON.NV ORD,2021-12-31,.AEX
.AEX,UMG.AS,UNIVERSAL MUSIC GROUP NV ORD,2021-12-31,.AEX
.AEX,TKWY.AS,JUST EAT TAKEAWAY.COM NV ORD,2021-12-31,.AEX
.AEX,TKWY.AS,JUST EAT TAKEAWAY.COM NV ORD,2021-12-31,.AEX
.AEX,TKWY.AS,JUST EAT TAKEAWAY.COM NV ORD,2021-12-31,.AEX
.AEX,PRX.AS,PROSUS NV ORD,2022-12-31,.AEX
.AEX,MT.AS,ARCELORMITTAL ORD,2022-12-31,.AEX
.AEX,BESI.AS,BE SEMICONDUCTOR ORD,2022-12-31,.AEX
.AEX,EXOR.AS,,2022-12-31,.AEX
.AEX,ULVR.AS,UNILEVER PLC ORD,2022-12-31,.AEX
.AEX,SHEL.AS,SHELL PLC ORD,2022-12-31,.AEX
.AEX,RAND.AS,RANDSTAD ORD,2022-12-31,.AEX
.AEX,ASMI.AS,ASM INTL ORD,2022-12-31,.AEX
.AEX,ASML.AS,ASML HOLDING ORD,2022-12-31,.AEX
.AEX,AEGN.AS,AEGON ORD,2022-12-31,.AEX
.AEX,INGA.AS,ING GROEP ORD,2022-12-31,.AEX
.AEX,DSMN.AS^E23,KONINKLIJKE DSM ORD,2022-12-31,.AEX
.AEX,AKZO.AS,AKZO NOBEL ORD,2022-12-31,.AEX
.AEX,IMCD.AS,IMCD,2022-12-31,.AEX
.AEX,HEIN.AS,HEINEKEN ORD,2022-12-31,.AEX
.AEX,REL.AS,RELX PLC ORD,2022-12-31,.AEX
.AEX,PHG.AS,KONINKLIJKE PHILIPS NV,2022-12-31,.AEX
.AEX,AD.AS,KONINKLIJKE AHOLD DELHAIZE NV ORD,2022-12-31,.AEX
.AEX,WLSNc.AS,WOLTERS KLUWERS ORD,2022-12-31,.AEX
.AEX,ADYEN.AS,ADYEN NV ORD,2022-12-31,.AEX
.AEX,URW.PA,UNIBAIL-RODAMCO-WESTFIELD ORD,2022-12-31,.AEX
.AEX,LIGHT.AS,SIGNIFY NV ORD,2022-12-31,.AEX
.AEX,NN.AS,NN GROUP ORD SHS,2022-12-31,.AEX
.AEX,KPN.AS,KPN-KON.NV ORD,2022-12-31,.AEX
.AEX,UMG.AS,UNIVERSAL MUSIC GROUP NV ORD,2022-12-31,.AEX
.AEX,TKWY.AS,JUST EAT TAKEAWAY.COM NV ORD,2022-12-31,.AEX
.AEX,TKWY.AS,JUST EAT TAKEAWAY.COM NV ORD,2022-12-31,.AEX
.AEX,TKWY.AS,JUST EAT TAKEAWAY.COM NV ORD,2022-12-31,.AEX
.AEX,DSFIR.AS,,2023-12-31,.AEX
.AEX,PRX.AS,PROSUS NV ORD,2023-12-31,.AEX
.AEX,MT.AS,ARCELORMITTAL ORD,2023-12-31,.AEX
.AEX,BESI.AS,BE SEMICONDUCTOR ORD,2023-12-31,.AEX
.AEX,ASRNL.AS,ARS NEDERLAND NV WHEN ISSUED,2023-12-31,.AEX
.AEX,EXOR.AS,,2023-12-31,.AEX
.AEX,ULVR.AS,UNILEVER PLC ORD,2023-12-31,.AEX
.AEX,SHEL.AS,SHELL PLC ORD,2023-12-31,.AEX
.AEX,RAND.AS,RANDSTAD ORD,2023-12-31,.AEX
.AEX,ASMI.AS,ASM INTL ORD,2023-12-31,.AEX
.AEX,ASML.AS,ASML HOLDING ORD,2023-12-31,.AEX
.AEX,AEGN.AS,AEGON ORD,2023-12-31,.AEX
.AEX,INGA.AS,ING GROEP ORD,2023-12-31,.AEX
.AEX,ABNd.AS,ABN AMRO BANK ORD,2023-12-31,.AEX
.AEX,AKZO.AS,AKZO NOBEL ORD,2023-12-31,.AEX
.AEX,IMCD.AS,IMCD,2023-12-31,.AEX
.AEX,HEIN.AS,HEINEKEN ORD,2023-12-31,.AEX
.AEX,REL.AS,RELX PLC ORD,2023-12-31,.AEX
.AEX,PHG.AS,KONINKLIJKE PHILIPS NV,2023-12-31,.AEX
.AEX,AD.AS,KONINKLIJKE AHOLD DELHAIZE NV ORD,2023-12-31,.AEX
.AEX,WLSNc.AS,WOLTERS KLUWERS ORD,2023-12-31,.AEX
.AEX,ADYEN.AS,ADYEN NV ORD,2023-12-31,.AEX
.AEX,NN.AS,NN GROUP ORD SHS,2023-12-31,.AEX
.AEX,KPN.AS,KPN-KON.NV ORD,2023-12-31,.AEX
.AEX,UMG.AS,UNIVERSAL MUSIC GROUP NV ORD,2023-12-31,.AEX
.AEX,TKWY.AS,JUST EAT TAKEAWAY.COM NV ORD,2023-12-31,.AEX
.AEX,TKWY.AS,JUST EAT TAKEAWAY.COM NV ORD,2023-12-31,.AEX
.AEX,TKWY.AS,JUST EAT TAKEAWAY.COM NV ORD,2023-12-31,.AEX
.AEX,DSFIR.AS,,2024-12-31,.AEX
.AEX,PRX.AS,PROSUS NV ORD,2024-12-31,.AEX
.AEX,MT.AS,ARCELORMITTAL ORD,2024-12-31,.AEX
.AEX,BESI.AS,BE SEMICONDUCTOR ORD,2024-12-31,.AEX
.AEX,ASRNL.AS,ARS NEDERLAND NV WHEN ISSUED,2024-12-31,.AEX
.AEX,EXOR.AS,,2024-12-31,.AEX
.AEX,ULVR.AS,UNILEVER PLC ORD,2024-12-31,.AEX
.AEX,SHEL.AS,SHELL PLC ORD,2024-12-31,.AEX
.AEX,RAND.AS,RANDSTAD ORD,2024-12-31,.AEX
.AEX,ASMI.AS,ASM INTL ORD,2024-12-31,.AEX
.AEX,ASML.AS,ASML HOLDING ORD,2024-12-31,.AEX
.AEX,AEGN.AS,AEGON ORD,2024-12-31,.AEX
.AEX,INGA.AS,ING GROEP ORD,2024-12-31,.AEX
.AEX,ABNd.AS,ABN AMRO BANK ORD,2024-12-31,.AEX
.AEX,AKZO.AS,AKZO NOBEL ORD,2024-12-31,.AEX
.AEX,IMCD.AS,IMCD,2024-12-31,.AEX
.AEX,HEIN.AS,HEINEKEN ORD,2024-12-31,.AEX
.AEX,REL.AS,RELX PLC ORD,2024-12-31,.AEX
.AEX,PHG.AS,KONINKLIJKE PHILIPS NV,2024-12-31,.AEX
.AEX,AD.AS,KONINKLIJKE AHOLD DELHAIZE NV ORD,2024-12-31,.AEX
.AEX,WLSNc.AS,WOLTERS KLUWERS ORD,2024-12-31,.AEX
.AEX,ADYEN.AS,ADYEN NV ORD,2024-12-31,.AEX
.AEX,NN.AS,NN GROUP ORD SHS,2024-12-31,.AEX
.AEX,KPN.AS,KPN-KON.NV ORD,2024-12-31,.AEX
.AEX,UMG.AS,UNIVERSAL MUSIC GROUP NV ORD,2024-12-31,.AEX
.AEX,TKWY.AS,JUST EAT TAKEAWAY.COM NV ORD,2024-12-31,.AEX
.AEX,TKWY.AS,JUST EAT TAKEAWAY.COM NV ORD,2024-12-31,.AEX
.AEX,TKWY.AS,JUST EAT TAKEAWAY.COM NV ORD,2024-12-31,.AEX
.AMX,BOSN.AS^K22,ROYAL BOSKALIS ORD,2019-12-31,.AMX
.AMX,AIRF.PA,AIR FRANCE-KLM ORD,2019-12-31,.AMX
.AMX,PTNL.AS,POSTNL ORD,2019-12-31,.AMX
.AMX,ATCA.AS^A21,ALTICE EUROPE NV ORD,2019-12-31,.AMX
.AMX,BFIT.AS,BASIC FIT NV ORD,2019-12-31,.AMX
.AMX,SBMO.AS,SBM OFFSHORE ORD,2019-12-31,.AMX
.AMX,LIGHT.AS,SIGNIFY NV ORD,2019-12-31,.AMX
.AMX,BAMN.AS,KONINKLIJKE BAM GROEP ORD,2019-12-31,.AMX
.AMX,TKWY.AS,TAKEAWAY.COM HOLDING ORD,2019-12-31,.AMX
.AMX,GVNV.AS^A22,GRANDVISION,2019-12-31,.AMX
.AMX,APAM.AS,APERAM ORD,2019-12-31,.AMX
.AMX,CORB.AS,CSM ORD,2019-12-31,.AMX
.AMX,AMG.AS,AMG ORD,2019-12-31,.AMX
.AMX,ARDS.AS,ARCADIS ORD,2019-12-31,.AMX
.AMX,ASMI.AS,ASM INTL ORD,2019-12-31,.AMX
.AMX,OCI.AS,OCI,2019-12-31,.AMX
.AMX,WDPP.BR,WDP-SICAFI REIT,2019-12-31,.AMX
.AMX,FLOW.AS,FLOW TRADERS ORD,2019-12-31,.AMX
.AMX,FUGR.AS,FUGRO NV ORD,2019-12-31,.AMX
.AMX,TWKNc.AS,TWENTSCHE KABEL ORD,2019-12-31,.AMX
.AMX,INTER.AS^L22,INTERTRUST GROUP HOLDING ORD WI,2019-12-31,.AMX
.AMX,ECMPA.AS,EUROCOMMERCIAL PROPERTIES REIT,2019-12-31,.AMX
.AMX,WEHA.AS,WERELDHAVE REIT,2019-12-31,.AMX
.AMX,FAGRO.BR,FAGRON,2019-12-31,.AMX
.AMX,BESI.AS,BE SEMICONDUCTOR ORD,2019-12-31,.AMX
.AMX,BOSN.AS^K22,ROYAL BOSKALIS ORD,2020-12-31,.AMX
.AMX,NSTEc.AS,NSI NV,2020-12-31,.AMX
.AMX,AIRF.PA,AIR FRANCE-KLM ORD,2020-12-31,.AMX
.AMX,PHAR.AS,PHARMING GROUP ORD,2020-12-31,.AMX
.AMX,PTNL.AS,POSTNL ORD,2020-12-31,.AMX
.AMX,ATCA.AS^A21,ALTICE EUROPE NV ORD,2020-12-31,.AMX
.AMX,BFIT.AS,BASIC FIT NV ORD,2020-12-31,.AMX
.AMX,SBMO.AS,SBM OFFSHORE ORD,2020-12-31,.AMX
.AMX,LIGHT.AS,SIGNIFY NV ORD,2020-12-31,.AMX
.AMX,GVNV.AS^A22,GRANDVISION,2020-12-31,.AMX
.AMX,APAM.AS,APERAM ORD,2020-12-31,.AMX
.AMX,CORB.AS,CSM ORD,2020-12-31,.AMX
.AMX,ARDS.AS,ARCADIS ORD,2020-12-31,.AMX
.AMX,JDEP.AS,JDE PEETS ORD,2020-12-31,.AMX
.AMX,VOPA.AS,VOPAK ORD,2020-12-31,.AMX
.AMX,OCI.AS,OCI,2020-12-31,.AMX
.AMX,WDPP.BR,WDP-SICAFI REIT,2020-12-31,.AMX
.AMX,FLOW.AS,FLOW TRADERS ORD,2020-12-31,.AMX
.AMX,FUGR.AS,FUGRO NV ORD,2020-12-31,.AMX
.AMX,TWKNc.AS,TWENTSCHE KABEL ORD,2020-12-31,.AMX
.AMX,INTER.AS^L22,INTERTRUST GROUP HOLDING ORD WI,2020-12-31,.AMX
.AMX,ECMPA.AS,EUROCOMMERCIAL PROPERTIES REIT,2020-12-31,.AMX
.AMX,AALB.AS,AALBERTS ORD,2020-12-31,.AMX
.AMX,FAGRO.BR,FAGRON,2020-12-31,.AMX
.AMX,BESI.AS,BE SEMICONDUCTOR ORD,2020-12-31,.AMX
.AMX,BOSN.AS^K22,ROYAL BOSKALIS ORD,2021-12-31,.AMX
.AMX,AIRF.PA,AIR FRANCE-KLM ORD,2021-12-31,.AMX
.AMX,PTNL.AS,POSTNL ORD,2021-12-31,.AMX
.AMX,BFIT.AS,BASIC FIT NV ORD,2021-12-31,.AMX
.AMX,SBMO.AS,SBM OFFSHORE ORD,2021-12-31,.AMX
.AMX,GLPG.AS,GALAPAGOS ORD,2021-12-31,.AMX
.AMX,INPST.AS,INPOST ORD SHS WHEN ISSUED,2021-12-31,.AMX
.AMX,APAM.AS,APERAM ORD,2021-12-31,.AMX
.AMX,CORB.AS,CSM ORD,2021-12-31,.AMX
.AMX,AMG.AS,AMG ORD,2021-12-31,.AMX
.AMX,ARDS.AS,ARCADIS ORD,2021-12-31,.AMX
.AMX,JDEP.AS,JDE PEETS ORD,2021-12-31,.AMX
.AMX,VOPA.AS,VOPAK ORD,2021-12-31,.AMX
.AMX,ABNd.AS,ABN AMRO BANK ORD,2021-12-31,.AMX
.AMX,ALFEN.AS,ALFEN BEHEER ORD,2021-12-31,.AMX
.AMX,OCI.AS,OCI,2021-12-31,.AMX
.AMX,WDPP.BR,WDP-SICAFI REIT,2021-12-31,.AMX
.AMX,FLOW.AS,FLOW TRADERS ORD,2021-12-31,.AMX
.AMX,FUGR.AS,FUGRO NV ORD,2021-12-31,.AMX
.AMX,TWKNc.AS,TWENTSCHE KABEL ORD,2021-12-31,.AMX
.AMX,INTER.AS^L22,INTERTRUST GROUP HOLDING ORD WI,2021-12-31,.AMX
.AMX,ECMPA.AS,EUROCOMMERCIAL PROPERTIES REIT,2021-12-31,.AMX
.AMX,AALB.AS,AALBERTS ORD,2021-12-31,.AMX
.AMX,FAGRO.BR,FAGRON,2021-12-31,.AMX
.AMX,ASRNL.AS,ARS NEDERLAND NV WHEN ISSUED,2021-12-31,.AMX
.AMX,AIRF.PA,AIR FRANCE-KLM ORD,2022-12-31,.AMX
.AMX,PTNL.AS,POSTNL ORD,2022-12-31,.AMX
.AMX,BFIT.AS,BASIC FIT NV ORD,2022-12-31,.AMX
.AMX,SBMO.AS,SBM OFFSHORE ORD,2022-12-31,.AMX
.AMX,GLPG.AS,GALAPAGOS ORD,2022-12-31,.AMX
.AMX,INPST.AS,INPOST ORD SHS WHEN ISSUED,2022-12-31,.AMX
.AMX,TKWY.AS,JUST EAT TAKEAWAY.COM NV ORD,2022-12-31,.AMX
.AMX,CTPNV.AS,CTP NV ORD,2022-12-31,.AMX
.AMX,APAM.AS,APERAM ORD,2022-12-31,.AMX
.AMX,CORB.AS,CSM ORD,2022-12-31,.AMX
.AMX,AMG.AS,AMG ORD,2022-12-31,.AMX
.AMX,ARDS.AS,ARCADIS ORD,2022-12-31,.AMX
.AMX,JDEP.AS,JDE PEETS ORD,2022-12-31,.AMX
.AMX,VOPA.AS,VOPAK ORD,2022-12-31,.AMX
.AMX,ABNd.AS,ABN AMRO BANK ORD,2022-12-31,.AMX
.AMX,ALFEN.AS,ALFEN BEHEER ORD,2022-12-31,.AMX
.AMX,OCI.AS,OCI,2022-12-31,.AMX
.AMX,WDPP.BR,WDP-SICAFI REIT,2022-12-31,.AMX
.AMX,FLOW.AS,FLOW TRADERS ORD,2022-12-31,.AMX
.AMX,FUGR.AS,FUGRO NV ORD,2022-12-31,.AMX
.AMX,TWKNc.AS,TWENTSCHE KABEL ORD,2022-12-31,.AMX
.AMX,ECMPA.AS,EUROCOMMERCIAL PROPERTIES REIT,2022-12-31,.AMX
.AMX,AALB.AS,AALBERTS ORD,2022-12-31,.AMX
.AMX,FAGRO.BR,FAGRON,2022-12-31,.AMX
.AMX,ASRNL.AS,ARS NEDERLAND NV WHEN ISSUED,2022-12-31,.AMX
.AMX,VLAN.AS,VAN LANSCHOTKEMPEN NV ORD,2023-12-31,.AMX
.AMX,AIRF.PA,AIR FRANCE-KLM ORD,2023-12-31,.AMX
.AMX,BFIT.AS,BASIC FIT NV ORD,2023-12-31,.AMX
.AMX,ALLFG.AS,ALLFUNDS GROUP LTD ORD,2023-12-31,.AMX
.AMX,SBMO.AS,SBM OFFSHORE ORD,2023-12-31,.AMX
.AMX,LIGHT.AS,SIGNIFY NV ORD,2023-12-31,.AMX
.AMX,GLPG.AS,GALAPAGOS ORD,2023-12-31,.AMX
.AMX,INPST.AS,INPOST ORD SHS WHEN ISSUED,2023-12-31,.AMX
.AMX,TKWY.AS,JUST EAT TAKEAWAY.COM NV ORD,2023-12-31,.AMX
.AMX,CTPNV.AS,CTP NV ORD,2023-12-31,.AMX
.AMX,APAM.AS,APERAM ORD,2023-12-31,.AMX
.AMX,CORB.AS,CSM ORD,2023-12-31,.AMX
.AMX,AMG.AS,AMG ORD,2023-12-31,.AMX
.AMX,ARDS.AS,ARCADIS ORD,2023-12-31,.AMX
.AMX,JDEP.AS,JDE PEETS ORD,2023-12-31,.AMX
.AMX,VOPA.AS,VOPAK ORD,2023-12-31,.AMX
.AMX,ALFEN.AS,ALFEN BEHEER ORD,2023-12-31,.AMX
.AMX,OCI.AS,OCI,2023-12-31,.AMX
.AMX,WDPP.BR,WDP-SICAFI REIT,2023-12-31,.AMX
.AMX,FLOW.AS,FLOW TRADERS ORD,2023-12-31,.AMX
.AMX,FUGR.AS,FUGRO NV ORD,2023-12-31,.AMX
.AMX,TWKNc.AS,TWENTSCHE KABEL ORD,2023-12-31,.AMX
.AMX,ECMPA.AS,EUROCOMMERCIAL PROPERTIES REIT,2023-12-31,.AMX
.AMX,AALB.AS,AALBERTS ORD,2023-12-31,.AMX
.AMX,FAGRO.BR,FAGRON,2023-12-31,.AMX
.AMX,VLAN.AS,VAN LANSCHOTKEMPEN NV ORD,2024-12-31,.AMX
.AMX,AIRF.PA,AIR FRANCE-KLM ORD,2024-12-31,.AMX
.AMX,BFIT.AS,BASIC FIT NV ORD,2024-12-31,.AMX
.AMX,ALLFG.AS,ALLFUNDS GROUP LTD ORD,2024-12-31,.AMX
.AMX,SBMO.AS,SBM OFFSHORE ORD,2024-12-31,.AMX
.AMX,LIGHT.AS,SIGNIFY NV ORD,2024-12-31,.AMX
.AMX,GLPG.AS,GALAPAGOS ORD,2024-12-31,.AMX
.AMX,INPST.AS,INPOST ORD SHS WHEN ISSUED,2024-12-31,.AMX
.AMX,TKWY.AS,JUST EAT TAKEAWAY.COM NV ORD,2024-12-31,.AMX
.AMX,CTPNV.AS,CTP NV ORD,2024-12-31,.AMX
.AMX,APAM.AS,APERAM ORD,2024-12-31,.AMX
.AMX,CORB.AS,CSM ORD,2024-12-31,.AMX
.AMX,AMG.AS,AMG ORD,2024-12-31,.AMX
.AMX,ARDS.AS,ARCADIS ORD,2024-12-31,.AMX
.AMX,JDEP.AS,JDE PEETS ORD,2024-12-31,.AMX
.AMX,VOPA.AS,VOPAK ORD,2024-12-31,.AMX
.AMX,ALFEN.AS,ALFEN BEHEER ORD,2024-12-31,.AMX
.AMX,OCI.AS,OCI,2024-12-31,.AMX
.AMX,WDPP.BR,WDP-SICAFI REIT,2024-12-31,.AMX
.AMX,FLOW.AS,FLOW TRADERS ORD,2024-12-31,.AMX
.AMX,FUGR.AS,FUGRO NV ORD,2024-12-31,.AMX
.AMX,TWKNc.AS,TWENTSCHE KABEL ORD,2024-12-31,.AMX
.AMX,ECMPA.AS,EUROCOMMERCIAL PROPERTIES REIT,2024-12-31,.AMX
.AMX,AALB.AS,AALBERTS ORD,2024-12-31,.AMX
.AMX,FAGRO.BR,FAGRON,2024-12-31,.AMX
.OBX,SALM.OL,SALMAR ORD,2019-12-31,.OBX
.OBX,GJFG.OL,GJENSIDIGE ORD,2019-12-31,.OBX
.OBX,SUBC.OL,SUBSEA ORD,2019-12-31,.OBX
.OBX,NEL.OL,NEL ASA,2019-12-31,.OBX
.OBX,NHY.OL,NORSK HYDRO ORD,2019-12-31,.OBX
.OBX,FRO.OL,FRONTLINE ORD,2019-12-31,.OBX
.OBX,BAKKA.OL,BAKKAFROST ORD,2019-12-31,.OBX
.OBX,TEL.OL,TELENOR ORD,2019-12-31,.OBX
.OBX,AKRBP.OL,AKER BP ASA ORD,2019-12-31,.OBX
.OBX,DNO.OL,DNO ASA,2019-12-31,.OBX
.OBX,AKER.OL,AKER ORD,2019-12-31,.OBX
.OBX,VENDA.OL,SCHIBSTED ORD,2019-12-31,.OBX
.OBX,YAR.OL,YARA INTL ORD,2019-12-31,.OBX
.OBX,NAS.OL,NORWEGIAN AIR SHUTTLE ORD,2019-12-31,.OBX
.OBX,EQNR.OL,EQUINOR ORD,2019-12-31,.OBX
.OBX,GOGL.OL^H25,GOLDEN OCEAN GROUP LTD,2019-12-31,.OBX
.OBX,TGS.OL,TGS-NOPEC GEO ORD,2019-12-31,.OBX
.OBX,TOM.OL,TOMRA SYSTEMS ORD,2019-12-31,.OBX
.OBX,STB.OL,UNI STOREBRAND ORD,2019-12-31,.OBX
.OBX,BWLPG.OL,BW LPG ORD,2019-12-31,.OBX
.OBX,LSG.OL,LEROY SEAFOOD ORD,2019-12-31,.OBX
.OBX,MOWI.OL,MOWI ASA ORD,2019-12-31,.OBX
.OBX,BWO.OL,BW OFFSHORE ORD,2019-12-31,.OBX
.OBX,ORK.OL,ORKLA ORD,2019-12-31,.OBX
.OBX,DNB.OL,DNBNOR ORD,2019-12-31,.OBX
.OBX,SALM.OL,SALMAR ORD,2020-12-31,.OBX
.OBX,GJFG.OL,GJENSIDIGE ORD,2020-12-31,.OBX
.OBX,SUBC.OL,SUBSEA ORD,2020-12-31,.OBX
.OBX,NEL.OL,NEL ASA,2020-12-31,.OBX
.OBX,NHY.OL,NORSK HYDRO ORD,2020-12-31,.OBX
.OBX,FRO.OL,FRONTLINE ORD,2020-12-31,.OBX
.OBX,BAKKA.OL,BAKKAFROST ORD,2020-12-31,.OBX
.OBX,TEL.OL,TELENOR ORD,2020-12-31,.OBX
.OBX,AKRBP.OL,AKER BP ASA ORD,2020-12-31,.OBX
.OBX,SCATC.OL,SCATEC ASA ORD,2020-12-31,.OBX
.OBX,DNO.OL,DNO ASA,2020-12-31,.OBX
.OBX,ENTRA.OL,ENTRA ASA,2020-12-31,.OBX
.OBX,AKER.OL,AKER ORD,2020-12-31,.OBX
.OBX,VENDA.OL,SCHIBSTED ORD,2020-12-31,.OBX
.OBX,YAR.OL,YARA INTL ORD,2020-12-31,.OBX
.OBX,EQNR.OL,EQUINOR ORD,2020-12-31,.OBX
.OBX,TGS.OL,TGS-NOPEC GEO ORD,2020-12-31,.OBX
.OBX,TOM.OL,TOMRA SYSTEMS ORD,2020-12-31,.OBX
.OBX,STB.OL,UNI STOREBRAND ORD,2020-12-31,.OBX
.OBX,BWLPG.OL,BW LPG ORD,2020-12-31,.OBX
.OBX,LSG.OL,LEROY SEAFOOD ORD,2020-12-31,.OBX
.OBX,MOWI.OL,MOWI ASA ORD,2020-12-31,.OBX
.OBX,BWO.OL,BW OFFSHORE ORD,2020-12-31,.OBX
.OBX,ORK.OL,ORKLA ORD,2020-12-31,.OBX
.OBX,DNB.OL,DNBNOR ORD,2020-12-31,.OBX
.OBX,SALM.OL,SALMAR ORD,2021-12-31,.OBX
.OBX,GJFG.OL,GJENSIDIGE ORD,2021-12-31,.OBX
.OBX,SUBC.OL,SUBSEA ORD,2021-12-31,.OBX
.OBX,NEL.OL,NEL ASA,2021-12-31,.OBX
.OBX,NHY.OL,NORSK HYDRO ORD,2021-12-31,.OBX
.OBX,FRO.OL,FRONTLINE ORD,2021-12-31,.OBX
.OBX,BAKKA.OL,BAKKAFROST ORD,2021-12-31,.OBX
.OBX,MPCC.OL,MPC CONTAINER SHIPS AS ORD,2021-12-31,.OBX
.OBX,TEL.OL,TELENOR ORD,2021-12-31,.OBX
.OBX,AKRBP.OL,AKER BP ASA ORD,2021-12-31,.OBX
.OBX,SCATC.OL,SCATEC ASA ORD,2021-12-31,.OBX
.OBX,RECSI.OL,REC SILICON ASA,2021-12-31,.OBX
.OBX,AKER.OL,AKER ORD,2021-12-31,.OBX
.OBX,VENDA.OL,SCHIBSTED ORD,2021-12-31,.OBX
.OBX,KAHOT.OL^A24,KAHOOT! AS ORD,2021-12-31,.OBX
.OBX,YAR.OL,YARA INTL ORD,2021-12-31,.OBX
.OBX,NOD.OL,NORDIC VLSI ORD,2021-12-31,.OBX
.OBX,EQNR.OL,EQUINOR ORD,2021-12-31,.OBX
.OBX,GOGL.OL^H25,GOLDEN OCEAN GROUP LTD,2021-12-31,.OBX
.OBX,TOM.OL,TOMRA SYSTEMS ORD,2021-12-31,.OBX
.OBX,STB.OL,UNI STOREBRAND ORD,2021-12-31,.OBX
.OBX,MOWI.OL,MOWI ASA ORD,2021-12-31,.OBX
.OBX,ORK.OL,ORKLA ORD,2021-12-31,.OBX
.OBX,ADEA.OL^F24,ADEVINTA ASA ORD,2021-12-31,.OBX
.OBX,DNB.OL,DNB BANK ORD,2021-12-31,.OBX
.OBX,SALM.OL,SALMAR ORD,2022-12-31,.OBX
.OBX,SUBC.OL,SUBSEA ORD,2022-12-31,.OBX
.OBX,NEL.OL,NEL ASA,2022-12-31,.OBX
.OBX,NHY.OL,NORSK HYDRO ORD,2022-12-31,.OBX
.OBX,FRO.OL,FRONTLINE ORD,2022-12-31,.OBX
.OBX,MPCC.OL,MPC CONTAINER SHIPS AS ORD,2022-12-31,.OBX
.OBX,TEL.OL,TELENOR ORD,2022-12-31,.OBX
.OBX,AKRBP.OL,AKER BP ASA ORD,2022-12-31,.OBX
.OBX,AUTO.OL,AUTOSTORE HOLDINGS LTD ORD,2022-12-31,.OBX
.OBX,RECSI.OL,REC SILICON ASA,2022-12-31,.OBX
.OBX,VENDA.OL,SCHIBSTED ORD,2022-12-31,.OBX
.OBX,KAHOT.OL^A24,KAHOOT! AS ORD,2022-12-31,.OBX
.OBX,PGS.OL^G24,PGS ORD,2022-12-31,.OBX
.OBX,YAR.OL,YARA INTL ORD,2022-12-31,.OBX
.OBX,NAS.OL,NORWEGIAN AIR SHUTTLE ORD,2022-12-31,.OBX
.OBX,VAR.OL,VAR ENERGI ASA ORD,2022-12-31,.OBX
.OBX,NOD.OL,NORDIC VLSI ORD,2022-12-31,.OBX
.OBX,EQNR.OL,EQUINOR ORD,2022-12-31,.OBX
.OBX,GOGL.OL^H25,GOLDEN OCEAN GROUP LTD,2022-12-31,.OBX
.OBX,TOM.OL,TOMRA SYSTEMS ORD,2022-12-31,.OBX
.OBX,KOG.OL,KONGSBERG GRUPPEN ORD,2022-12-31,.OBX
.OBX,STB.OL,UNI STOREBRAND ORD,2022-12-31,.OBX
.OBX,MOWI.OL,MOWI ASA ORD,2022-12-31,.OBX
.OBX,ORK.OL,ORKLA ORD,2022-12-31,.OBX
.OBX,DNB.OL,DNB BANK ORD,2022-12-31,.OBX
.OBX,SALM.OL,SALMAR ORD,2023-12-31,.OBX
.OBX,GJFG.OL,GJENSIDIGE ORD,2023-12-31,.OBX
.OBX,SUBC.OL,SUBSEA ORD,2023-12-31,.OBX
.OBX,NEL.OL,NEL ASA,2023-12-31,.OBX
.OBX,NHY.OL,NORSK HYDRO ORD,2023-12-31,.OBX
.OBX,FRO.OL,FRONTLINE PLC ORD,2023-12-31,.OBX
.OBX,TEL.OL,TELENOR ORD,2023-12-31,.OBX
.OBX,AKRBP.OL,AKER BP ASA ORD,2023-12-31,.OBX
.OBX,HAUTO.OL,HOEGH AUTOLINERS ORD SHS,2023-12-31,.OBX
.OBX,BORR.OL^A25,BORR DRILLING LTD ORD,2023-12-31,.OBX
.OBX,PGS.OL^G24,PGS ORD,2023-12-31,.OBX
.OBX,YAR.OL,YARA INTL ORD,2023-12-31,.OBX
.OBX,NAS.OL,NORWEGIAN AIR SHUTTLE ORD,2023-12-31,.OBX
.OBX,VAR.OL,VAR ENERGI ASA ORD,2023-12-31,.OBX
.OBX,NOD.OL,NORDIC VLSI ORD,2023-12-31,.OBX
.OBX,EQNR.OL,EQUINOR ORD,2023-12-31,.OBX
.OBX,GOGL.OL^H25,GOLDEN OCEAN GROUP LTD,2023-12-31,.OBX
.OBX,TGS.OL,TGS ASA ORD,2023-12-31,.OBX
.OBX,TOM.OL,TOMRA SYSTEMS ORD,2023-12-31,.OBX
.OBX,KOG.OL,KONGSBERG GRUPPEN ORD,2023-12-31,.OBX
.OBX,STB.OL,UNI STOREBRAND ORD,2023-12-31,.OBX
.OBX,MOWI.OL,MOWI ASA ORD,2023-12-31,.OBX
.OBX,ORK.OL,ORKLA ORD,2023-12-31,.OBX
.OBX,DNB.OL,DNB BANK ORD,2023-12-31,.OBX
.OBX,HAFNI.OL,HAFNIA LTD ORD,2023-12-31,.OBX
.OBX,SALM.OL,SALMAR ORD,2024-12-31,.OBX
.OBX,GJFG.OL,GJENSIDIGE ORD,2024-12-31,.OBX
.OBX,SUBC.OL,SUBSEA ORD,2024-12-31,.OBX
.OBX,NHY.OL,NORSK HYDRO ORD,2024-12-31,.OBX
.OBX,FRO.OL,FRONTLINE PLC ORD,2024-12-31,.OBX
.OBX,MPCC.OL,MPC CONTAINER SHIPS AS ORD,2024-12-31,.OBX
.OBX,TEL.OL,TELENOR ORD,2024-12-31,.OBX
.OBX,AKRBP.OL,AKER BP ASA ORD,2024-12-31,.OBX
.OBX,HAUTO.OL,HOEGH AUTOLINERS ORD SHS,2024-12-31,.OBX
.OBX,WAWI.OL,WALLENIUS WILHELMSEN ASA ORD,2024-12-31,.OBX
.OBX,YAR.OL,YARA INTL ORD,2024-12-31,.OBX
.OBX,NAS.OL,NORWEGIAN AIR SHUTTLE ORD,2024-12-31,.OBX
.OBX,VAR.OL,VAR ENERGI ASA ORD,2024-12-31,.OBX
.OBX,NOD.OL,NORDIC VLSI ORD,2024-12-31,.OBX
.OBX,EQNR.OL,EQUINOR ORD,2024-12-31,.OBX
.OBX,GOGL.OL^H25,GOLDEN OCEAN GROUP LTD,2024-12-31,.OBX
.OBX,TGS.OL,TGS ASA ORD,2024-12-31,.OBX
.OBX,TOM.OL,TOMRA SYSTEMS ORD,2024-12-31,.OBX
.OBX,KOG.OL,KONGSBERG GRUPPEN ORD,2024-12-31,.OBX
.OBX,STB.OL,UNI STOREBRAND ORD,2024-12-31,.OBX
.OBX,BWLPG.OL,BW LPG ORD,2024-12-31,.OBX
.OBX,MOWI.OL,MOWI ASA ORD,2024-12-31,.OBX
.OBX,ORK.OL,ORKLA ORD,2024-12-31,.OBX
.OBX,DNB.OL,DNB BANK ORD,2024-12-31,.OBX
.OBX,HAFNI.OL,HAFNIA LTD ORD,2024-12-31,.OBX
.OMXS30,ATCOa.ST,ATLAS COPCO SR A ORD,2019-12-31,.OMXS30
.OMXS30,SAND.ST,SANDVIK ORD,2019-12-31,.OMXS30
.OMXS30,ATCOb.ST,ATLAS COPCO SR B ORD,2019-12-31,.OMXS30
.OMXS30,AZN.ST,ASTRAZENECA ORD,2019-12-31,.OMXS30
.OMXS30,ESSITYb.ST,ESSITY AKTIEBOLAG B ORD,2019-12-31,.OMXS30
.OMXS30,ELUXb.ST,ELECTROLUX ORD,2019-12-31,.OMXS30
.OMXS30,ALFA.ST,ALFA LAVAL ORD,2019-12-31,.OMXS30
.OMXS30,SSABa.ST,SSAB SWEDISH STAL SR A ORD,2019-12-31,.OMXS30
.OMXS30,ASSAb.ST,ASSA ABLOY ORD,2019-12-31,.OMXS30
.OMXS30,INVEb.ST,INVESTOR ORD,2019-12-31,.OMXS30
.OMXS30,NDASE.ST,NORDEA BANK ABP ORD,2019-12-31,.OMXS30
.OMXS30,SKAb.ST,SKANSKA ORD,2019-12-31,.OMXS30
.OMXS30,SECUb.ST,SECURITAS ORD,2019-12-31,.OMXS30
.OMXS30,TEL2b.ST,TELE2 ORD,2019-12-31,.OMXS30
.OMXS30,BOL.ST,BOLIDEN ORD,2019-12-31,.OMXS30
.OMXS30,SWMA.ST^A23,SWEDISH MATCH ORD,2019-12-31,.OMXS30
.OMXS30,TELIA.ST,TELIA CO AB ORD,2019-12-31,.OMXS30
.OMXS30,ERICb.ST,TELEFONAKTIEBOLAGET LM ERICSSON ORD,2019-12-31,.OMXS30
.OMXS30,SEBa.ST,SKANDINAVISKA ENSKILDAANKEN ORD,2019-12-31,.OMXS30
.OMXS30,GETIb.ST,GETINGE ORD,2019-12-31,.OMXS30
.OMXS30,SKFb.ST,SKF ORD,2019-12-31,.OMXS30
.OMXS30,HMb.ST,HENNES AND MAURITZ ORD,2019-12-31,.OMXS30
.OMXS30,SCAb.ST,SVENSKA CELLULOSA ORD,2019-12-31,.OMXS30
.OMXS30,HEXAb.ST,HEXAGON ORD,2019-12-31,.OMXS30
.OMXS30,ALIVsdb.ST,AUTOLIV SDR,2019-12-31,.OMXS30
.OMXS30,SHBa.ST,SVENSKA HANDELSBANKEN ORD,2019-12-31,.OMXS30
.OMXS30,VOLVb.ST,VOLVO CL B ORD,2019-12-31,.OMXS30
.OMXS30,KINVb.ST,KINNEVIK STK B ORD,2019-12-31,.OMXS30
.OMXS30,ABB.ST,ABB ORD,2019-12-31,.OMXS30
.OMXS30,SWEDa.ST,SWEDBANK ORD,2019-12-31,.OMXS30
.OMXS30,ATCOa.ST,ATLAS COPCO SR A ORD,2022-12-31,.OMXS30
.OMXS30,SINCH.ST,SINCH ORD,2022-12-31,.OMXS30
.OMXS30,SAND.ST,SANDVIK ORD,2022-12-31,.OMXS30
.OMXS30,ATCOb.ST,ATLAS COPCO SR B ORD,2022-12-31,.OMXS30
.OMXS30,AZN.ST,ASTRAZENECA ORD,2022-12-31,.OMXS30
.OMXS30,ESSITYb.ST,ESSITY AKTIEBOLAG B ORD,2022-12-31,.OMXS30
.OMXS30,ELUXb.ST,ELECTROLUX ORD,2022-12-31,.OMXS30
.OMXS30,ALFA.ST,ALFA LAVAL ORD,2022-12-31,.OMXS30
.OMXS30,ASSAb.ST,ASSA ABLOY ORD,2022-12-31,.OMXS30
.OMXS30,INVEb.ST,INVESTOR ORD,2022-12-31,.OMXS30
.OMXS30,EVOG.ST,EVOLUTION AB ORD,2022-12-31,.OMXS30
.OMXS30,NDASE.ST,NORDEA BANK ABP ORD,2022-12-31,.OMXS30
.OMXS30,TEL2b.ST,TELE2 ORD,2022-12-31,.OMXS30
.OMXS30,BOL.ST,BOLIDEN ORD,2022-12-31,.OMXS30
.OMXS30,TELIA.ST,TELIA CO AB ORD,2022-12-31,.OMXS30
.OMXS30,ERICb.ST,TELEFONAKTIEBOLAGET LM ERICSSON ORD,2022-12-31,.OMXS30
.OMXS30,SEBa.ST,SKANDINAVISKA ENSKILDAANKEN ORD,2022-12-31,.OMXS30
.OMXS30,GETIb.ST,GETINGE ORD,2022-12-31,.OMXS30
.OMXS30,SKFb.ST,SKF ORD,2022-12-31,.OMXS30
.OMXS30,HMb.ST,HENNES AND MAURITZ ORD,2022-12-31,.OMXS30
.OMXS30,SBBb.ST,SAMHALLSBYGGNADSBOLAGET I NORDEN AB,2022-12-31,.OMXS30
.OMXS30,SCAb.ST,SVENSKA CELLULOSA ORD,2022-12-31,.OMXS30
.OMXS30,HEXAb.ST,HEXAGON ORD,2022-12-31,.OMXS30
.OMXS30,ALIVsdb.ST,AUTOLIV SDR,2022-12-31,.OMXS30
.OMXS30,SHBa.ST,SVENSKA HANDELSBANKEN CLS A ORD,2022-12-31,.OMXS30
.OMXS30,VOLVb.ST,VOLVO CL B ORD,2022-12-31,.OMXS30
.OMXS30,KINVb.ST,KINNEVIK STK B ORD,2022-12-31,.OMXS30
.OMXS30,ABB.ST,ABB LTD ORD,2022-12-31,.OMXS30
.OMXS30,SWEDa.ST,SWEDBANK ORD,2022-12-31,.OMXS30
.OMXS30,ATCOa.ST,ATLAS COPCO SR A ORD,2023-12-31,.OMXS30
.OMXS30,SINCH.ST,SINCH ORD,2023-12-31,.OMXS30
.OMXS30,SAND.ST,SANDVIK ORD,2023-12-31,.OMXS30
.OMXS30,ATCOb.ST,ATLAS COPCO SR B ORD,2023-12-31,.OMXS30
.OMXS30,AZN.ST,ASTRAZENECA ORD,2023-12-31,.OMXS30
.OMXS30,ESSITYb.ST,ESSITY AKTIEBOLAG B ORD,2023-12-31,.OMXS30
.OMXS30,ELUXb.ST,ELECTROLUX ORD,2023-12-31,.OMXS30
.OMXS30,NIBEb.ST,NIBE INDUSTRIER ORD,2023-12-31,.OMXS30
.OMXS30,ALFA.ST,ALFA LAVAL ORD,2023-12-31,.OMXS30
.OMXS30,ASSAb.ST,ASSA ABLOY ORD,2023-12-31,.OMXS30
.OMXS30,INVEb.ST,INVESTOR ORD,2023-12-31,.OMXS30
.OMXS30,EVOG.ST,EVOLUTION AB ORD,2023-12-31,.OMXS30
.OMXS30,NDASE.ST,NORDEA BANK ABP ORD,2023-12-31,.OMXS30
.OMXS30,TEL2b.ST,TELE2 ORD,2023-12-31,.OMXS30
.OMXS30,BOL.ST,BOLIDEN ORD,2023-12-31,.OMXS30
.OMXS30,TELIA.ST,TELIA CO AB ORD,2023-12-31,.OMXS30
.OMXS30,ERICb.ST,TELEFONAKTIEBOLAGET LM ERICSSON ORD,2023-12-31,.OMXS30
.OMXS30,SEBa.ST,SKANDINAVISKA ENSKILDAANKEN ORD,2023-12-31,.OMXS30
.OMXS30,GETIb.ST,GETINGE ORD,2023-12-31,.OMXS30
.OMXS30,SKFb.ST,SKF ORD,2023-12-31,.OMXS30
.OMXS30,HMb.ST,HENNES AND MAURITZ ORD,2023-12-31,.OMXS30
.OMXS30,SBBb.ST,SAMHALLSBYGGNADSBOLAGET I NORDEN AB,2023-12-31,.OMXS30
.OMXS30,SCAb.ST,SVENSKA CELLULOSA ORD,2023-12-31,.OMXS30
.OMXS30,HEXAb.ST,HEXAGON ORD,2023-12-31,.OMXS30
.OMXS30,ALIVsdb.ST,AUTOLIV SDR,2023-12-31,.OMXS30
.OMXS30,SHBa.ST,SVENSKA HANDELSBANKEN CLS A ORD,2023-12-31,.OMXS30
.OMXS30,VOLVb.ST,VOLVO CL B ORD,2023-12-31,.OMXS30
.OMXS30,KINVb.ST,KINNEVIK STK B ORD,2023-12-31,.OMXS30
.OMXS30,ABB.ST,ABB LTD ORD,2023-12-31,.OMXS30
.OMXS30,SWEDa.ST,SWEDBANK ORD,2023-12-31,.OMXS30
.OMXS30,ATCOa.ST,ATLAS COPCO SR A ORD,2024-12-31,.OMXS30
.OMXS30,SINCH.ST,SINCH ORD,2024-12-31,.OMXS30
.OMXS30,SAND.ST,SANDVIK ORD,2024-12-31,.OMXS30
.OMXS30,ATCOb.ST,ATLAS COPCO SR B ORD,2024-12-31,.OMXS30
.OMXS30,AZN.ST,ASTRAZENECA ORD,2024-12-31,.OMXS30
.OMXS30,ESSITYb.ST,ESSITY AKTIEBOLAG B ORD,2024-12-31,.OMXS30
.OMXS30,ELUXb.ST,ELECTROLUX ORD,2024-12-31,.OMXS30
.OMXS30,NIBEb.ST,NIBE INDUSTRIER ORD,2024-12-31,.OMXS30
.OMXS30,ALFA.ST,ALFA LAVAL ORD,2024-12-31,.OMXS30
.OMXS30,ASSAb.ST,ASSA ABLOY ORD,2024-12-31,.OMXS30
.OMXS30,INVEb.ST,INVESTOR ORD,2024-12-31,.OMXS30
.OMXS30,EVOG.ST,EVOLUTION AB ORD,2024-12-31,.OMXS30
.OMXS30,NDASE.ST,NORDEA BANK ABP ORD,2024-12-31,.OMXS30
.OMXS30,TEL2b.ST,TELE2 ORD,2024-12-31,.OMXS30
.OMXS30,BOL.ST,BOLIDEN ORD,2024-12-31,.OMXS30
.OMXS30,TELIA.ST,TELIA CO AB ORD,2024-12-31,.OMXS30
.OMXS30,ERICb.ST,TELEFONAKTIEBOLAGET LM ERICSSON ORD,2024-12-31,.OMXS30
.OMXS30,SEBa.ST,SKANDINAVISKA ENSKILDAANKEN ORD,2024-12-31,.OMXS30
.OMXS30,GETIb.ST,GETINGE ORD,2024-12-31,.OMXS30
.OMXS30,SKFb.ST,SKF ORD,2024-12-31,.OMXS30
.OMXS30,HMb.ST,HENNES AND MAURITZ ORD,2024-12-31,.OMXS30
.OMXS30,SBBb.ST,SAMHALLSBYGGNADSBOLAGET I NORDEN AB,2024-12-31,.OMXS30
.OMXS30,SCAb.ST,SVENSKA CELLULOSA ORD,2024-12-31,.OMXS30
.OMXS30,SAABb.ST,SAAB ORD,2024-12-31,.OMXS30
.OMXS30,HEXAb.ST,HEXAGON ORD,2024-12-31,.OMXS30
.OMXS30,SHBa.ST,SVENSKA HANDELSBANKEN CLS A ORD,2024-12-31,.OMXS30
.OMXS30,VOLVb.ST,VOLVO CL B ORD,2024-12-31,.OMXS30
.OMXS30,KINVb.ST,KINNEVIK STK B ORD,2024-12-31,.OMXS30
.OMXS30,ABB.ST,ABB LTD ORD,2024-12-31,.OMXS30
.OMXS30,SWEDa.ST,SWEDBANK ORD,2024-12-31,.OMXS30
.OMXS30,ATCOa.ST,ATLAS COPCO SR A ORD,2020-12-31 00:00:00,.OMXS30
.OMXS30,SAND.ST,SANDVIK ORD,2020-12-31 00:00:00,.OMXS30
.OMXS30,ATCOb.ST,ATLAS COPCO SR B ORD,2020-12-31 00:00:00,.OMXS30
.OMXS30,AZN.ST,ASTRAZENECA ORD,2020-12-31 00:00:00,.OMXS30
.OMXS30,ESSITYb.ST,ESSITY AKTIEBOLAG B ORD,2020-12-31 00:00:00,.OMXS30
.OMXS30,ELUXb.ST,ELECTROLUX ORD,2020-12-31 00:00:00,.OMXS30
.OMXS30,ALFA.ST,ALFA LAVAL ORD,2020-12-31 00:00:00,.OMXS30
.OMXS30,SSABa.ST,SSAB SWEDISH STAL SR A ORD,2020-12-31 00:00:00,.OMXS30
.OMXS30,ASSAb.ST,ASSA ABLOY ORD,2020-12-31 00:00:00,.OMXS30
.OMXS30,INVEb.ST,INVESTOR ORD,2020-12-31 00:00:00,.OMXS30
.OMXS30,NDASE.ST,NORDEA BANK ABP ORD,2020-12-31 00:00:00,.OMXS30
.OMXS30,SKAb.ST,SKANSKA ORD,2020-12-31 00:00:00,.OMXS30
.OMXS30,SECUb.ST,SECURITAS ORD,2020-12-31 00:00:00,.OMXS30
.OMXS30,TEL2b.ST,TELE2 ORD,2020-12-31 00:00:00,.OMXS30
.OMXS30,BOL.ST,BOLIDEN ORD,2020-12-31 00:00:00,.OMXS30
.OMXS30,SWMA.ST^A23,SWEDISH MATCH ORD,2020-12-31 00:00:00,.OMXS30
.OMXS30,TELIA.ST,TELIA CO AB ORD,2020-12-31 00:00:00,.OMXS30
.OMXS30,ERICb.ST,TELEFONAKTIEBOLAGET LM ERICSSON ORD,2020-12-31 00:00:00,.OMXS30
.OMXS30,SEBa.ST,SKANDINAVISKA ENSKILDAANKEN ORD,2020-12-31 00:00:00,.OMXS30
.OMXS30,GETIb.ST,GETINGE ORD,2020-12-31 00:00:00,.OMXS30
.OMXS30,SKFb.ST,SKF ORD,2020-12-31 00:00:00,.OMXS30
.OMXS30,HMb.ST,HENNES AND MAURITZ ORD,2020-12-31 00:00:00,.OMXS30
.OMXS30,SCAb.ST,SVENSKA CELLULOSA ORD,2020-12-31 00:00:00,.OMXS30
.OMXS30,HEXAb.ST,HEXAGON ORD,2020-12-31 00:00:00,.OMXS30
.OMXS30,ALIVsdb.ST,AUTOLIV SDR,2020-12-31 00:00:00,.OMXS30
.OMXS30,SHBa.ST,SVENSKA HANDELSBANKEN ORD,2020-12-31 00:00:00,.OMXS30
.OMXS30,VOLVb.ST,VOLVO CL B ORD,2020-12-31 00:00:00,.OMXS30
.OMXS30,KINVb.ST,KINNEVIK STK B ORD,2020-12-31 00:00:00,.OMXS30
.OMXS30,ABB.ST,ABB ORD,2020-12-31 00:00:00,.OMXS30
.OMXS30,SWEDa.ST,SWEDBANK ORD,2020-12-31 00:00:00,.OMXS30
.OMXS30,ATCOa.ST,ATLAS COPCO SR A ORD,2020-12-31 00:00:00,.OMXS30
.OMXS30,SINCH.ST,SINCH ORD,2020-12-31 00:00:00,.OMXS30
.OMXS30,SAND.ST,SANDVIK ORD,2020-12-31 00:00:00,.OMXS30
.OMXS30,ATCOb.ST,ATLAS COPCO SR B ORD,2020-12-31 00:00:00,.OMXS30
.OMXS30,AZN.ST,ASTRAZENECA ORD,2020-12-31 00:00:00,.OMXS30
.OMXS30,ESSITYb.ST,ESSITY AKTIEBOLAG B ORD,2020-12-31 00:00:00,.OMXS30
.OMXS30,ELUXb.ST,ELECTROLUX ORD,2020-12-31 00:00:00,.OMXS30
.OMXS30,ALFA.ST,ALFA LAVAL ORD,2020-12-31 00:00:00,.OMXS30
.OMXS30,ASSAb.ST,ASSA ABLOY ORD,2020-12-31 00:00:00,.OMXS30
.OMXS30,INVEb.ST,INVESTOR ORD,2020-12-31 00:00:00,.OMXS30
.OMXS30,EVOG.ST,EVOLUTION AB ORD,2020-12-31 00:00:00,.OMXS30
.OMXS30,NDASE.ST,NORDEA BANK ABP ORD,2020-12-31 00:00:00,.OMXS30
.OMXS30,SKAb.ST,SKANSKA ORD,2020-12-31 00:00:00,.OMXS30
.OMXS30,TEL2b.ST,TELE2 ORD,2020-12-31 00:00:00,.OMXS30
.OMXS30,BOL.ST,BOLIDEN ORD,2020-12-31 00:00:00,.OMXS30
.OMXS30,SWMA.ST^A23,SWEDISH MATCH ORD,2020-12-31 00:00:00,.OMXS30
.OMXS30,TELIA.ST,TELIA CO AB ORD,2020-12-31 00:00:00,.OMXS30
.OMXS30,ERICb.ST,TELEFONAKTIEBOLAGET LM ERICSSON ORD,2020-12-31 00:00:00,.OMXS30
.OMXS30,SEBa.ST,SKANDINAVISKA ENSKILDAANKEN ORD,2020-12-31 00:00:00,.OMXS30
.OMXS30,GETIb.ST,GETINGE ORD,2020-12-31 00:00:00,.OMXS30
.OMXS30,SKFb.ST,SKF ORD,2020-12-31 00:00:00,.OMXS30
.OMXS30,HMb.ST,HENNES AND MAURITZ ORD,2020-12-31 00:00:00,.OMXS30
.OMXS30,SCAb.ST,SVENSKA CELLULOSA ORD,2020-12-31 00:00:00,.OMXS30
.OMXS30,HEXAb.ST,HEXAGON ORD,2020-12-31 00:00:00,.OMXS30
.OMXS30,ALIVsdb.ST,AUTOLIV SDR,2020-12-31 00:00:00,.OMXS30
.OMXS30,SHBa.ST,SVENSKA HANDELSBANKEN CLS A ORD,2020-12-31 00:00:00,.OMXS30
.OMXS30,VOLVb.ST,VOLVO CL B ORD,2020-12-31 00:00:00,.OMXS30
.OMXS30,KINVb.ST,KINNEVIK STK B ORD,2020-12-31 00:00:00,.OMXS30
.OMXS30,ABB.ST,ABB ORD,2020-12-31 00:00:00,.OMXS30
.OMXS30,SWEDa.ST,SWEDBANK ORD,2020-12-31 00:00:00,.OMXS30
