RIC,Date,Name
SOLB.BR,2019-12-31,SOLVAY ORD
ACKB.BR,2019-12-31,ACKERMANS V.HAAR ORD
ARGX.BR,2019-12-31,ARGEN X NV
PROX.BR,2019-12-31,PROXIMUS
INGA.AS,2019-12-31,ING GROEP ORD
ONTEX.BR,2019-12-31,ONTEX GRP NV
APAM.AS,2019-12-31,APERAM ORD
TNET.BR^J23,2019-12-31,TELENET GRP HLDG ORD
WDPP.BR,2019-12-31,WDP-SICAFI REIT
GBLB.BR,2019-12-31,GROUPE BRUXELLES LAMBERT ORD
AGES.BR,2019-12-31,AGEAS(EX-FORTIS) ORD
COFB.BR,2019-12-31,COFINIMMO
GLPG.AS,2019-12-31,GALAPAGOS ORD
UMI.BR,2019-12-31,UMICORE ORD
ABI.BR,2019-12-31,ANHEUSER-BUSCH INBEV SA/NV ORD
COLR.BR,2019-12-31,ETABLISSEMENTS COLRUYT ORD
SOF.BR,2019-12-31,SOFINA ORD
KBC.BR,2019-12-31,KBC GROEP ORD
UCB.BR,2019-12-31,UCB ORD
BAR.BR,2019-12-31,BARCO ORD
SOLB.BR,2020-12-31,SOLVAY ORD
ACKB.BR,2020-12-31,ACKERMANS V.HAAR ORD
ARGX.BR,2020-12-31,ARGEN X NV
PROX.BR,2020-12-31,PROXIMUS
INGA.AS,2020-12-31,ING GROEP ORD
APAM.AS,2020-12-31,APERAM ORD
TNET.BR^J23,2020-12-31,TELENET GRP HLDG ORD
WDPP.BR,2020-12-31,WDP-SICAFI REIT
AOO.BR,2020-12-31,AEDIFICA SA
GBLB.BR,2020-12-31,GROUPE BRUXELLES LAMBERT ORD
AGES.BR,2020-12-31,AGEAS(EX-FORTIS) ORD
COFB.BR,2020-12-31,COFINIMMO
GLPG.AS,2020-12-31,GALAPAGOS ORD
UMI.BR,2020-12-31,UMICORE ORD
ABI.BR,2020-12-31,ANHEUSER-BUSCH INBEV SA/NV ORD
COLR.BR,2020-12-31,ETABLISSEMENTS COLRUYT ORD
SOF.BR,2020-12-31,SOFINA ORD
KBC.BR,2020-12-31,KBC GROEP ORD
UCB.BR,2020-12-31,UCB ORD
BAR.BR,2020-12-31,BARCO ORD
SOLB.BR,2021-12-31,SOLVAY ORD
ACKB.BR,2021-12-31,ACKERMANS V.HAAR ORD
ARGX.BR,2021-12-31,ARGEN X NV
PROX.BR,2021-12-31,PROXIMUS
APAM.AS,2021-12-31,APERAM ORD
TNET.BR^J23,2021-12-31,TELENET GRP HLDG ORD
ELI.BR,2021-12-31,ELIA SYSTEM OPERATOR ORD
WDPP.BR,2021-12-31,WDP-SICAFI REIT
AOO.BR,2021-12-31,AEDIFICA SA
MLXS.BR,2021-12-31,MELEXIS ORD
GBLB.BR,2021-12-31,GROUPE BRUXELLES LAMBERT ORD
AGES.BR,2021-12-31,AGEAS(EX-FORTIS) ORD
COFB.BR,2021-12-31,COFINIMMO
GLPG.AS,2021-12-31,GALAPAGOS ORD
UMI.BR,2021-12-31,UMICORE ORD
ABI.BR,2021-12-31,ANHEUSER-BUSCH INBEV SA/NV ORD
COLR.BR,2021-12-31,ETABLISSEMENTS COLRUYT ORD
SOF.BR,2021-12-31,SOFINA ORD
KBC.BR,2021-12-31,KBC GROEP ORD
UCB.BR,2021-12-31,UCB ORD
SOLB.BR,2022-12-31,SOLVAY ORD
ACKB.BR,2022-12-31,ACKERMANS V.HAAR ORD
ARGX.BR,2022-12-31,ARGEN X NV
PROX.BR,2022-12-31,PROXIMUS
APAM.AS,2022-12-31,APERAM ORD
ELI.BR,2022-12-31,ELIA SYSTEM OPERATOR ORD
WDPP.BR,2022-12-31,WDP-SICAFI REIT
AOO.BR,2022-12-31,AEDIFICA SA
GBLB.BR,2022-12-31,GROUPE BRUXELLES LAMBERT ORD
AGES.BR,2022-12-31,AGEAS(EX-FORTIS) ORD
IETB.BR,2022-12-31,D'IETEREN ORD
COFB.BR,2022-12-31,COFINIMMO
GLPG.AS,2022-12-31,GALAPAGOS ORD
UMI.BR,2022-12-31,UMICORE ORD
VGP1.BR,2022-12-31,VGP ORD
ABI.BR,2022-12-31,ANHEUSER-BUSCH INBEV SA/NV ORD
COLR.BR,2022-12-31,ETABLISSEMENTS COLRUYT ORD
SOF.BR,2022-12-31,SOFINA ORD
KBC.BR,2022-12-31,KBC GROEP ORD
UCB.BR,2022-12-31,UCB ORD
SOLB.BR,2023-12-31,SOLVAY ORD
ACKB.BR,2023-12-31,ACKERMANS V.HAAR ORD
SYENS.BR,2023-12-31,SYENSQO ORD SHS
ARGX.BR,2023-12-31,ARGEN X NV
PROX.BR,2023-12-31,PROXIMUS
APAM.AS,2023-12-31,APERAM ORD
ELI.BR,2023-12-31,ELIA SYSTEM OPERATOR ORD
WDPP.BR,2023-12-31,WDP-SICAFI REIT
AOO.BR,2023-12-31,AEDIFICA SA
MLXS.BR,2023-12-31,MELEXIS ORD
GBLB.BR,2023-12-31,GROUPE BRUXELLES LAMBERT ORD
AGES.BR,2023-12-31,AGEAS(EX-FORTIS) ORD
IETB.BR,2023-12-31,D'IETEREN ORD
COFB.BR,2023-12-31,COFINIMMO
GLPG.AS,2023-12-31,GALAPAGOS ORD
UMI.BR,2023-12-31,UMICORE ORD
ABI.BR,2023-12-31,ANHEUSER-BUSCH INBEV SA/NV ORD
SOF.BR,2023-12-31,SOFINA ORD
KBC.BR,2023-12-31,KBC GROEP ORD
UCB.BR,2023-12-31,UCB ORD
SOLB.BR,2024-12-31,SOLVAY ORD
ACKB.BR,2024-12-31,ACKERMANS V.HAAR ORD
SYENS.BR,2024-12-31,SYENSQO ORD SHS
ARGX.BR,2024-12-31,ARGEN X NV
ELI.BR,2024-12-31,ELIA SYSTEM OPERATOR ORD
WDPP.BR,2024-12-31,WDP-SICAFI REIT
AOO.BR,2024-12-31,AEDIFICA SA
MLXS.BR,2024-12-31,MELEXIS ORD
GBLB.BR,2024-12-31,GROUPE BRUXELLES LAMBERT ORD
AGES.BR,2024-12-31,AGEAS(EX-FORTIS) ORD
IETB.BR,2024-12-31,D'IETEREN ORD
COFB.BR,2024-12-31,COFINIMMO
GLPG.AS,2024-12-31,GALAPAGOS ORD
UMI.BR,2024-12-31,UMICORE ORD
AZE.BR,2024-12-31,AZELIS CORPORATE SERVICES NV ORD
LOTB.BR,2024-12-31,LOTUS BAKERIES ORD
ABI.BR,2024-12-31,ANHEUSER-BUSCH INBEV SA/NV ORD
SOF.BR,2024-12-31,SOFINA ORD
KBC.BR,2024-12-31,KBC GROEP ORD
UCB.BR,2024-12-31,UCB ORD
GMAB.CO,2019-12-31,GENMAB ORD
MAERSKb.CO,2019-12-31,MOELLER MAERSK B ORD
SIM.CO^J23,2019-12-31,SIMCORP ORD
VWS.CO,2019-12-31,VESTAS WIND SYSTEMS ORD
NSISb.CO,2019-12-31,NOVOZYMES ORD
RBREW.CO,2019-12-31,ROYAL UNIBREW ORD
NOVOb.CO,2019-12-31,NOVO-NORDISK ORD
ORSTED.CO,2019-12-31,ORSTED ORD
DANSKE.CO,2019-12-31,DANSKE BANK ORD
CHRH.CO^A24,2019-12-31,CHRISTIAN HANSEN HOLDING ORD
GN.CO,2019-12-31,GN STORE NORD ORD
DEMANT.CO,2019-12-31,DEMANT ORD
AMBUb.CO,2019-12-31,AMBU ORD
ISS.CO,2019-12-31,ISS A/S
TRYG.CO,2019-12-31,TRYGVESTA ORD
LUN.CO^F22,2019-12-31,H.LUNDBECK ORD
DSV.CO,2019-12-31,DSV PANALPINA ORD
CARLb.CO,2019-12-31,CARLSBERG ORD
PNDORA.CO,2019-12-31,PANDORA ORD
COLOb.CO,2019-12-31,COLOPLAST ORD
GMAB.CO,2020-12-31,GENMAB ORD
MAERSKb.CO,2020-12-31,MOELLER MAERSK B ORD
SIM.CO^J23,2020-12-31,SIMCORP ORD
VWS.CO,2020-12-31,VESTAS WIND SYSTEMS ORD
NSISb.CO,2020-12-31,NOVOZYMES ORD
RBREW.CO,2020-12-31,ROYAL UNIBREW ORD
NOVOb.CO,2020-12-31,NOVO-NORDISK ORD
ORSTED.CO,2020-12-31,ORSTED ORD
DANSKE.CO,2020-12-31,DANSKE BANK ORD
CHRH.CO^A24,2020-12-31,CHRISTIAN HANSEN HOLDING ORD
GN.CO,2020-12-31,GN STORE NORD ORD
DEMANT.CO,2020-12-31,DEMANT ORD
AMBUb.CO,2020-12-31,AMBU ORD
ISS.CO,2020-12-31,ISS A/S
ROCKb.CO,2020-12-31,ROCKWOOL INTL SR A ORD
TRYG.CO,2020-12-31,TRYGVESTA ORD
DSV.CO,2020-12-31,DSV PANALPINA ORD
CARLb.CO,2020-12-31,CARLSBERG ORD
PNDORA.CO,2020-12-31,PANDORA ORD
COLOb.CO,2020-12-31,COLOPLAST ORD
MAERSKa.CO,2021-12-31,MOELLER MAERSK ORD
GMAB.CO,2021-12-31,GENMAB ORD
MAERSKb.CO,2021-12-31,MOELLER MAERSK B ORD
VWS.CO,2021-12-31,VESTAS WIND SYSTEMS ORD
NSISb.CO,2021-12-31,NOVOZYMES ORD
RBREW.CO,2021-12-31,ROYAL UNIBREW ORD
NOVOb.CO,2021-12-31,NOVO-NORDISK ORD
NETCG.CO,2021-12-31,NETCOMPANY A/S ORD
ORSTED.CO,2021-12-31,ORSTED ORD
DANSKE.CO,2021-12-31,DANSKE BANK ORD
CHRH.CO^A24,2021-12-31,CHRISTIAN HANSEN HOLDING ORD
GN.CO,2021-12-31,GN STORE NORD ORD
DEMANT.CO,2021-12-31,DEMANT ORD
AMBUb.CO,2021-12-31,AMBU ORD
ROCKb.CO,2021-12-31,ROCKWOOL INTL SR A ORD
TRYG.CO,2021-12-31,TRYGVESTA ORD
DSV.CO,2021-12-31,DSV AS ORD
CARLb.CO,2021-12-31,CARLSBERG ORD
PNDORA.CO,2021-12-31,PANDORA ORD
COLOb.CO,2021-12-31,COLOPLAST ORD
MAERSKa.CO,2022-12-31,MOELLER MAERSK ORD
GMAB.CO,2022-12-31,GENMAB ORD
MAERSKb.CO,2022-12-31,MOELLER MAERSK B ORD
BAVA.CO,2022-12-31,BAVARIAN NORDIC ORD
VWS.CO,2022-12-31,VESTAS WIND SYSTEMS ORD
NSISb.CO,2022-12-31,NOVOZYMES ORD
JYSK.CO,2022-12-31,JYSKE BANK ORD
RBREW.CO,2022-12-31,ROYAL UNIBREW ORD
NOVOb.CO,2022-12-31,NOVO-NORDISK ORD
ORSTED.CO,2022-12-31,ORSTED ORD
DANSKE.CO,2022-12-31,DANSKE BANK ORD
CHRH.CO^A24,2022-12-31,CHRISTIAN HANSEN HOLDING ORD
GN.CO,2022-12-31,GN STORE NORD ORD
DEMANT.CO,2022-12-31,DEMANT ORD
AMBUb.CO,2022-12-31,AMBU ORD
TRYG.CO,2022-12-31,TRYGVESTA ORD
DSV.CO,2022-12-31,DSV AS ORD
CARLb.CO,2022-12-31,CARLSBERG ORD
PNDORA.CO,2022-12-31,PANDORA ORD
COLOb.CO,2022-12-31,COLOPLAST ORD
MAERSKa.CO,2023-12-31,MOELLER MAERSK ORD
GMAB.CO,2023-12-31,GENMAB ORD
MAERSKb.CO,2023-12-31,MOELLER MAERSK B ORD
VWS.CO,2023-12-31,VESTAS WIND SYSTEMS ORD
NSISb.CO,2023-12-31,NOVOZYMES ORD
JYSK.CO,2023-12-31,JYSKE BANK ORD
NOVOb.CO,2023-12-31,NOVO-NORDISK ORD
ORSTED.CO,2023-12-31,ORSTED ORD
DANSKE.CO,2023-12-31,DANSKE BANK ORD
CHRH.CO^A24,2023-12-31,CHRISTIAN HANSEN HOLDING ORD
GN.CO,2023-12-31,GN STORE NORD ORD
DEMANT.CO,2023-12-31,DEMANT ORD
AMBUb.CO,2023-12-31,AMBU ORD
ISS.CO,2023-12-31,ISS A/S
ROCKb.CO,2023-12-31,ROCKWOOL AS ORD
TRYG.CO,2023-12-31,TRYGVESTA ORD
DSV.CO,2023-12-31,DSV AS ORD
CARLb.CO,2023-12-31,CARLSBERG ORD
PNDORA.CO,2023-12-31,PANDORA ORD
COLOb.CO,2023-12-31,COLOPLAST ORD
MAERSKa.CO,2024-12-31,MOELLER MAERSK A ORD
GMAB.CO,2024-12-31,GENMAB ORD
NKT.CO,2024-12-31,NKT ORD
MAERSKb.CO,2024-12-31,MOELLER MAERSK B ORD
VWS.CO,2024-12-31,VESTAS WIND SYSTEMS ORD
NSISb.CO,2024-12-31,NOVONESIS AS ORD
JYSK.CO,2024-12-31,JYSKE BANK ORD
NOVOb.CO,2024-12-31,NOVO-NORDISK ORD
ORSTED.CO,2024-12-31,ORSTED ORD
DANSKE.CO,2024-12-31,DANSKE BANK ORD
DEMANT.CO,2024-12-31,DEMANT ORD
ZELA.CO,2024-12-31,ZEALAND PHARMA ORD
AMBUb.CO,2024-12-31,AMBU ORD
ISS.CO,2024-12-31,ISS A/S
ROCKb.CO,2024-12-31,ROCKWOOL AS ORD
TRYG.CO,2024-12-31,TRYGVESTA ORD
DSV.CO,2024-12-31,DSV AS ORD
CARLb.CO,2024-12-31,CARLSBERG ORD
PNDORA.CO,2024-12-31,PANDORA ORD
COLOb.CO,2024-12-31,COLOPLAST ORD
OUT1V.HE,2019-12-31,OUTOKUMPU OYJ ORD
TYRES.HE,2019-12-31,NOKIAN TYRES PLC ORD
VALMT.HE,2019-12-31,VALMET CORP
METSB.HE,2019-12-31,M-REAL ORD
KNEBV.HE,2019-12-31,KONE ORD
HIAB.HE,2019-12-31,CARGOTEC ORD
TELIA1.HE,2019-12-31,TELIA CO AB ORD
KEMIRA.HE,2019-12-31,KEMIRA OYJ ORD
ORNBV.HE,2019-12-31,ORION ORD
NESTE.HE,2019-12-31,NESTE OYJ ORD
METSO.HE,2019-12-31,OUTOTEC OYJ ORD
STERV.HE,2019-12-31,STORA ENSO R ORD
SAMPO.HE,2019-12-31,SAMPO PLC ORD
NOKIA.HE,2019-12-31,NOKIA ORD
FORTUM.HE,2019-12-31,FORTUM ORD
WRT1V.HE,2019-12-31,WARTSILA ORD
NELES.HE^D22,2019-12-31,METSO ORD
NDAFI.HE,2019-12-31,NORDEA BANK ABP ORD
ELISA.HE,2019-12-31,ELISA ORD
UPM.HE,2019-12-31,UPM-KYMMENE OY ORD
TIETO.HE,2019-12-31,TIETOENATOR ORD
KCRA.HE,2019-12-31,KONECRANES OYJ ORD
HUH1V.HE,2019-12-31,HUHTAMAKI SR I ORD
KESKOB.HE,2019-12-31,KESKO ORD
OUT1V.HE,2020-12-31,OUTOKUMPU OYJ ORD
TYRES.HE,2020-12-31,NOKIAN TYRES PLC ORD
VALMT.HE,2020-12-31,VALMET CORP
METSB.HE,2020-12-31,M-REAL ORD
KNEBV.HE,2020-12-31,KONE ORD
HIAB.HE,2020-12-31,CARGOTEC ORD
TELIA1.HE,2020-12-31,TELIA CO AB ORD
KEMIRA.HE,2020-12-31,KEMIRA OYJ ORD
KOJAMO.HE,2020-12-31,KOJAMO OYJ ORD
ORNBV.HE,2020-12-31,ORION ORD
NESTE.HE,2020-12-31,NESTE OYJ ORD
METSO.HE,2020-12-31,METSO OUTOTEC CORPORATION ORD
STERV.HE,2020-12-31,STORA ENSO R ORD
SAMPO.HE,2020-12-31,SAMPO PLC ORD
NOKIA.HE,2020-12-31,NOKIA ORD
FORTUM.HE,2020-12-31,FORTUM ORD
WRT1V.HE,2020-12-31,WARTSILA ORD
NELES.HE^D22,2020-12-31,NELES CORPORATION ORD
NDAFI.HE,2020-12-31,NORDEA BANK ABP ORD
ELISA.HE,2020-12-31,ELISA ORD
UPM.HE,2020-12-31,UPM-KYMMENE OY ORD
TIETO.HE,2020-12-31,TIETOENATOR ORD
KCRA.HE,2020-12-31,KONECRANES OYJ ORD
HUH1V.HE,2020-12-31,HUHTAMAKI SR I ORD
KESKOB.HE,2020-12-31,KESKO ORD
OUT1V.HE,2021-12-31,OUTOKUMPU OYJ ORD
TYRES.HE,2021-12-31,NOKIAN TYRES PLC ORD
VALMT.HE,2021-12-31,VALMET CORP
METSB.HE,2021-12-31,M-REAL ORD
KNEBV.HE,2021-12-31,KONE ORD
HIAB.HE,2021-12-31,CARGOTEC ORD
TELIA1.HE,2021-12-31,TELIA CO AB ORD
KEMIRA.HE,2021-12-31,KEMIRA OYJ ORD
KOJAMO.HE,2021-12-31,KOJAMO OYJ ORD
ORNBV.HE,2021-12-31,ORION ORD
NESTE.HE,2021-12-31,NESTE OYJ ORD
METSO.HE,2021-12-31,METSO OUTOTEC CORPORATION ORD
QTCOM.HE,2021-12-31,QT GROUP ORD
STERV.HE,2021-12-31,STORA ENSO R ORD
SAMPO.HE,2021-12-31,SAMPO PLC ORD
NOKIA.HE,2021-12-31,NOKIA ORD
FORTUM.HE,2021-12-31,FORTUM ORD
WRT1V.HE,2021-12-31,WARTSILA ORD
NDAFI.HE,2021-12-31,NORDEA BANK ABP ORD
ELISA.HE,2021-12-31,ELISA ORD
UPM.HE,2021-12-31,UPM-KYMMENE OY ORD
TIETO.HE,2021-12-31,TIETOENATOR ORD
KCRA.HE,2021-12-31,KONECRANES OYJ ORD
HUH1V.HE,2021-12-31,HUHTAMAKI SR I ORD
KESKOB.HE,2021-12-31,KESKO ORD
OUT1V.HE,2022-12-31,OUTOKUMPU OYJ ORD
TYRES.HE,2022-12-31,NOKIAN TYRES PLC ORD
TOKMAN.HE,2022-12-31,TOKMANNI GROUP CORPORATION ORD SHS
VALMT.HE,2022-12-31,VALMET CORP
KNEBV.HE,2022-12-31,KONE ORD
HIAB.HE,2022-12-31,CARGOTEC ORD
TELIA1.HE,2022-12-31,TELIA CO AB ORD
KOJAMO.HE,2022-12-31,KOJAMO OYJ ORD
ORNBV.HE,2022-12-31,ORION ORD
NESTE.HE,2022-12-31,NESTE OYJ ORD
METSO.HE,2022-12-31,METSO OUTOTEC CORPORATION ORD
QTCOM.HE,2022-12-31,QT GROUP ORD
STERV.HE,2022-12-31,STORA ENSO R ORD
SAMPO.HE,2022-12-31,SAMPO PLC ORD
NOKIA.HE,2022-12-31,NOKIA ORD
FORTUM.HE,2022-12-31,FORTUM ORD
WRT1V.HE,2022-12-31,WARTSILA ORD
NDAFI.HE,2022-12-31,NORDEA BANK ABP ORD
ELISA.HE,2022-12-31,ELISA ORD
UPM.HE,2022-12-31,UPM-KYMMENE OY ORD
TIETO.HE,2022-12-31,TIETOENATOR ORD
SSABBH.HE,2022-12-31,SSAB ORD
KCRA.HE,2022-12-31,KONECRANES OYJ ORD
HUH1V.HE,2022-12-31,HUHTAMAKI SR I ORD
KESKOB.HE,2022-12-31,KESKO ORD
OUT1V.HE,2023-12-31,OUTOKUMPU OYJ ORD
TYRES.HE,2023-12-31,NOKIAN TYRES PLC ORD
VALMT.HE,2023-12-31,VALMET CORP
METSB.HE,2023-12-31,M-REAL ORD
KNEBV.HE,2023-12-31,KONE ORD
HIAB.HE,2023-12-31,CARGOTEC ORD
TELIA1.HE,2023-12-31,TELIA CO AB ORD
KOJAMO.HE,2023-12-31,KOJAMO OYJ ORD
ORNBV.HE,2023-12-31,ORION ORD
NESTE.HE,2023-12-31,NESTE OYJ ORD
METSO.HE,2023-12-31,METSO CORP ORD
QTCOM.HE,2023-12-31,QT GROUP ORD
STERV.HE,2023-12-31,STORA ENSO R ORD
SAMPO.HE,2023-12-31,SAMPO PLC ORD
NOKIA.HE,2023-12-31,NOKIA ORD
FORTUM.HE,2023-12-31,FORTUM ORD
WRT1V.HE,2023-12-31,WARTSILA ORD
NDAFI.HE,2023-12-31,NORDEA BANK ABP ORD
ELISA.HE,2023-12-31,ELISA ORD
UPM.HE,2023-12-31,UPM-KYMMENE OY ORD
TIETO.HE,2023-12-31,TIETOENATOR ORD
SSABBH.HE,2023-12-31,SSAB ORD
KCRA.HE,2023-12-31,KONECRANES OYJ ORD
HUH1V.HE,2023-12-31,HUHTAMAKI SR I ORD
KESKOB.HE,2023-12-31,KESKO ORD
OUT1V.HE,2024-12-31,OUTOKUMPU OYJ ORD
TYRES.HE,2024-12-31,NOKIAN TYRES PLC ORD
VALMT.HE,2024-12-31,VALMET CORP
METSB.HE,2024-12-31,M-REAL ORD
MANTA.HE,2024-12-31,MANDATUM PLC ORD
KNEBV.HE,2024-12-31,KONE ORD
HIAB.HE,2024-12-31,CARGOTEC ORD
KEMIRA.HE,2024-12-31,KEMIRA OYJ ORD
KOJAMO.HE,2024-12-31,KOJAMO OYJ ORD
ORNBV.HE,2024-12-31,ORION ORD
NESTE.HE,2024-12-31,NESTE OYJ ORD
METSO.HE,2024-12-31,METSO CORP ORD
QTCOM.HE,2024-12-31,QT GROUP ORD
STERV.HE,2024-12-31,STORA ENSO R ORD
SAMPO.HE,2024-12-31,SAMPO PLC ORD
NOKIA.HE,2024-12-31,NOKIA ORD
FORTUM.HE,2024-12-31,FORTUM ORD
WRT1V.HE,2024-12-31,WARTSILA ORD
NDAFI.HE,2024-12-31,NORDEA BANK ABP ORD
ELISA.HE,2024-12-31,ELISA ORD
UPM.HE,2024-12-31,UPM-KYMMENE OY ORD
TIETO.HE,2024-12-31,TIETOENATOR ORD
KCRA.HE,2024-12-31,KONECRANES OYJ ORD
HUH1V.HE,2024-12-31,HUHTAMAKI SR I ORD
KESKOB.HE,2024-12-31,KESKO ORD
TRIA.PA,2019-12-31,TRIGANO ORD
CVO.PA,2019-12-31,COVIVIO SA ORD
RXL.PA,2019-12-31,REXEL ORD
EMEIS.PA,2019-12-31,ORPEA ORD
SEVI.PA^B22,2019-12-31,SUEZ ORD
SGEF.PA,2019-12-31,VINCI ORD
INGC.PA^K20,2019-12-31,INGENICO GROUP
NEXS.PA,2019-12-31,NEXANS PARIS ORD
APAM.AS,2019-12-31,APERAM ORD
LTEN.PA,2019-12-31,ALTEN ORD
VIV.PA,2019-12-31,VIVENDI ORD
IPN.PA,2019-12-31,IPSEN PROMESSES ORD
SOIT.PA,2019-12-31,SOITEC SA ORD
STDM.PA,2019-12-31,STEDIM ORD
BOLL.PA,2019-12-31,BOLLORE ORD
EDEN.PA,2019-12-31,EDENRED ORD
BNPP.PA,2019-12-31,BNP PARIBAS ORD
HRMS.PA,2019-12-31,HERMES INTL ORD
COFA.PA,2019-12-31,COFACE PROMESSES ORD
DANO.PA,2019-12-31,GROUPE DANONE ORD
URW.PA,2019-12-31,UNIBAIL-RODAMCO-WESTFIELD ORD
TKTT.PA,2019-12-31,TARKETT
PRTP.PA,2019-12-31,KERING SA
QDT.PA,2019-12-31,QUADIENT ORD
AYV.PA,2019-12-31,ALD INTERNATIONAL SA ORD
BICP.PA,2019-12-31,SOCIETE BIC ORD
ATOS.PA,2019-12-31,ATOS SE ORD
ELIOR.PA,2019-12-31,ELIOR GROUP ORD
FNAC.PA,2019-12-31,FNAC DARTY ORD
MICP.PA,2019-12-31,MICHELIN ORD
SAF.PA,2019-12-31,SAFRAN ORD
RCOP.PA,2019-12-31,REMY COINTREAU ORD
DAST.PA,2019-12-31,DASSAULT SYSTEMES ORD
ACCP.PA,2019-12-31,ACCOR SA ORD
MWDP.PA,2019-12-31,WENDEL ORD
ORAN.PA,2019-12-31,ORANGE ORD
EUFI.PA,2019-12-31,EUROFINS SCIENTIFIC ORD
EXHO.PA,2019-12-31,SODEXO ORD
ENX.PA,2019-12-31,EURONEXT
BVI.PA,2019-12-31,BUREAU VERITAS REGISTRE INTL ORD
AIRF.PA,2019-12-31,AIR FRANCE-KLM ORD
AIRP.PA,2019-12-31,AIR LIQUIDE ORD
SASY.PA,2019-12-31,SANOFI-AVENTIS ORD
TFFP.PA,2019-12-31,TF1 ORD
ESLX.PA,2019-12-31,ESSILORLUXOTTICA ORD
AM.PA,2019-12-31,DASSAULT AVIATI ORD
AMUN.PA,2019-12-31,AMUNDI ORD
AIR.PA,2019-12-31,AIRBUS SE
AXAF.PA,2019-12-31,AXA ORD
GFCP.PA,2019-12-31,GECINA REIT
ALTT.PA^D20,2019-12-31,ALTRAN TECHNOLOGIES ORD
MT.AS,2019-12-31,ARCELORMITTAL ORD
ENGIE.PA,2019-12-31,ENGIE ORD
BOUY.PA,2019-12-31,BOUYGUES ORD
VLLP.PA,2019-12-31,VALLOUREC ORD
UBIP.PA,2019-12-31,UBISOFT ORD
EDF.PA^F23,2019-12-31,ELECTRICITE DE FRANCE SA
SEBF.PA,2019-12-31,SEB ORD
MERY.PA,2019-12-31,MERCIALYS REIT
CASP.PA,2019-12-31,CASINO ORD
SPIE.PA,2019-12-31,SPIE PROMESSES ORD SHS
PEUP.PA^A21,2019-12-31,PEUGEOT SA ORD
GTT.PA,2019-12-31,GTT PROMESSES ORD
FOUG.PA,2019-12-31,EIFFAGE ORD
VLOF.PA,2019-12-31,VALEO ORD
ICAD.PA,2019-12-31,ICADE REIT
SESFd.PA,2019-12-31,SES SA GDR
ERMT.PA,2019-12-31,ERAMET ORD
MMTP.PA,2019-12-31,METROPOLE TV ORD
LVMH.PA,2019-12-31,LVMH MOET HENNESSY LOUIS VUITT
GNFT.PA,2019-12-31,GENFIT ORD
SCHN.PA,2019-12-31,SCHNEIDER ELECTRIC SE
ISOS.PA,2019-12-31,IPSOS ORD
CAGR.PA,2019-12-31,CREDIT AGRICOLE ORD
SOGN.PA,2019-12-31,SOCIETE GENERALE ORD
BIOX.PA,2019-12-31,BIOMERIEUX ORD
NEXI.PA,2019-12-31,NEXITY ORD
LEGD.PA,2019-12-31,LEGRAND ORD
DBV.PA,2019-12-31,DBV TECHNOLOGIES ORD
SGOB.PA,2019-12-31,SAINT-GOBAIN ORD
ELIS.PA,2019-12-31,ELIS ORD SHS
FRVIA.PA,2019-12-31,FAURECIA SA ORD
IMTP.PA,2019-12-31,IMERYS ORD
SOPR.PA,2019-12-31,SOPRA STERIA GROUP
SOLB.BR,2019-12-31,SOLVAY ORD
CARR.PA,2019-12-31,CARREFOUR ORD
CNAT.PA^G21,2019-12-31,NATIXIS ORD
ILD.PA^J21,2019-12-31,ILIAD ORD
TTEF.PA,2019-12-31,TOTAL ORD
GETP.PA,2019-12-31,GETLINK ORD
RUBF.PA,2019-12-31,RUBIS ORD
JCDX.PA,2019-12-31,JCDECAUX ORD
ETL.PA,2019-12-31,EUTELSAT COMMUNICATIONS ORD
RENA.PA,2019-12-31,RENAULT PAR
PUBP.PA,2019-12-31,PUBLICIS GROUPE ORD
CLARI.PA,2019-12-31,KORIAN ORD
MDM.PA,2019-12-31,MAISONS DU MONDE SA WI ORD
LOIM.PA,2019-12-31,KLEPIERRE REIT
ADP.PA,2019-12-31,AEROPORTS DE PARIS ORD
SCOR.PA,2019-12-31,SCOR SE ORD
VCTP.PA,2019-12-31,VICAT SA ORD
CNPP.PA^F22,2019-12-31,CNP ASSURANCES ORD
VIRB.PA,2019-12-31,STE VIRBAC SA
TEPRF.PA,2019-12-31,TELEPERFORMANCE ORD
VIE.PA,2019-12-31,VEOLIA ENVIRONNEMENT VE ORD
VRLA.PA,2019-12-31,VERALLIA SASU ORD
OREP.PA,2019-12-31,L OREAL S.A.
ALSO.PA,2019-12-31,ALSTOM SA ORD
PERP.PA,2019-12-31,PERNOD-RICARD ORD
OPM.PA,2019-12-31,PLASTIC OMNIUM ORD
LAGA.PA,2019-12-31,LAGARDERE SCA ORD
EURA.PA,2019-12-31,EURAZEO ORD
STMPA.PA,2019-12-31,STMICROELECTRONICS ORD
WLN.PA,2019-12-31,WORLDLINE SA
TCFP.PA,2019-12-31,THALES ORD
FTI.PA^B22,2019-12-31,TECHNIPFMC LTD ORD
VIRI.PA,2019-12-31,CGG
EUCAR.PA^G22,2019-12-31,EUROPCAR MOBILITY GROUP SA ORD
AKE.PA,2019-12-31,ARKEMA ORD
CAPP.PA,2019-12-31,CAPGEMINI ORD
TRIA.PA,2020-12-31,TRIGANO ORD
CVO.PA,2020-12-31,COVIVIO SA ORD
RXL.PA,2020-12-31,REXEL ORD
EMEIS.PA,2020-12-31,ORPEA ORD
SEVI.PA^B22,2020-12-31,SUEZ ORD
SGEF.PA,2020-12-31,VINCI ORD
NEXS.PA,2020-12-31,NEXANS PARIS ORD
APAM.AS,2020-12-31,APERAM ORD
LTEN.PA,2020-12-31,ALTEN ORD
VIV.PA,2020-12-31,VIVENDI ORD
IPN.PA,2020-12-31,IPSEN PROMESSES ORD
SOIT.PA,2020-12-31,SOITEC SA ORD
STDM.PA,2020-12-31,STEDIM ORD
BOLL.PA,2020-12-31,BOLLORE ORD
EDEN.PA,2020-12-31,EDENRED ORD
ROBF.PA,2020-12-31,ROBERTET ORD
BNPP.PA,2020-12-31,BNP PARIBAS ORD
HRMS.PA,2020-12-31,HERMES INTL ORD
COFA.PA,2020-12-31,COFACE PROMESSES ORD
DANO.PA,2020-12-31,GROUPE DANONE ORD
URW.PA,2020-12-31,UNIBAIL-RODAMCO-WESTFIELD ORD
PRTP.PA,2020-12-31,KERING SA
AYV.PA,2020-12-31,ALD INTERNATIONAL SA ORD
BICP.PA,2020-12-31,SOCIETE BIC ORD
ATOS.PA,2020-12-31,ATOS SE ORD
ABIO.PA^J22,2020-12-31,ALBIOMA
ELIOR.PA,2020-12-31,ELIOR GROUP ORD
ALMCP.PA,2020-12-31,MCPHY ENERGY ORD
FNAC.PA,2020-12-31,FNAC DARTY ORD
MICP.PA,2020-12-31,MICHELIN ORD
SAF.PA,2020-12-31,SAFRAN ORD
RCOP.PA,2020-12-31,REMY COINTREAU ORD
DAST.PA,2020-12-31,DASSAULT SYSTEMES ORD
ACCP.PA,2020-12-31,ACCOR SA ORD
MWDP.PA,2020-12-31,WENDEL ORD
ORAN.PA,2020-12-31,ORANGE ORD
EUFI.PA,2020-12-31,EUROFINS SCIENTIFIC ORD
EXHO.PA,2020-12-31,SODEXO ORD
ENX.PA,2020-12-31,EURONEXT
BVI.PA,2020-12-31,BUREAU VERITAS REGISTRE INTL ORD
AIRF.PA,2020-12-31,AIR FRANCE-KLM ORD
AIRP.PA,2020-12-31,AIR LIQUIDE ORD
SASY.PA,2020-12-31,SANOFI-AVENTIS ORD
TFFP.PA,2020-12-31,TF1 ORD
CARM.PA,2020-12-31,CARMILA ORD
ESLX.PA,2020-12-31,ESSILORLUXOTTICA ORD
AM.PA,2020-12-31,DASSAULT AVIATI ORD
AMUN.PA,2020-12-31,AMUNDI ORD
AIR.PA,2020-12-31,AIRBUS SE
AXAF.PA,2020-12-31,AXA ORD
GFCP.PA,2020-12-31,GECINA REIT
MT.AS,2020-12-31,ARCELORMITTAL ORD
ENGIE.PA,2020-12-31,ENGIE ORD
BOUY.PA,2020-12-31,BOUYGUES ORD
VLLP.PA,2020-12-31,VALLOUREC ORD
UBIP.PA,2020-12-31,UBISOFT ORD
EDF.PA^F23,2020-12-31,ELECTRICITE DE FRANCE SA
SEBF.PA,2020-12-31,SEB ORD
MERY.PA,2020-12-31,MERCIALYS REIT
CASP.PA,2020-12-31,CASINO ORD
SPIE.PA,2020-12-31,SPIE PROMESSES ORD SHS
PEUP.PA^A21,2020-12-31,PEUGEOT SA ORD
GTT.PA,2020-12-31,GTT PROMESSES ORD
FOUG.PA,2020-12-31,EIFFAGE ORD
VLOF.PA,2020-12-31,VALEO ORD
ICAD.PA,2020-12-31,ICADE REIT
SESFd.PA,2020-12-31,SES SA GDR
ERMT.PA,2020-12-31,ERAMET ORD
MMTP.PA,2020-12-31,METROPOLE TV ORD
LVMH.PA,2020-12-31,LVMH MOET HENNESSY LOUIS VUITT
SCHN.PA,2020-12-31,SCHNEIDER ELECTRIC SE
ISOS.PA,2020-12-31,IPSOS ORD
CAGR.PA,2020-12-31,CREDIT AGRICOLE ORD
SOGN.PA,2020-12-31,SOCIETE GENERALE ORD
BIOX.PA,2020-12-31,BIOMERIEUX ORD
NEXI.PA,2020-12-31,NEXITY ORD
LEGD.PA,2020-12-31,LEGRAND ORD
SGOB.PA,2020-12-31,SAINT-GOBAIN ORD
ELIS.PA,2020-12-31,ELIS ORD SHS
FRVIA.PA,2020-12-31,FAURECIA SA ORD
IMTP.PA,2020-12-31,IMERYS ORD
SOPR.PA,2020-12-31,SOPRA STERIA GROUP
S30.PA,2020-12-31,SOLUTIONS 30 SE
SOLB.BR,2020-12-31,SOLVAY ORD
CARR.PA,2020-12-31,CARREFOUR ORD
CNAT.PA^G21,2020-12-31,NATIXIS ORD
ILD.PA^J21,2020-12-31,ILIAD ORD
TTEF.PA,2020-12-31,TOTAL ORD
GETP.PA,2020-12-31,GETLINK ORD
RUBF.PA,2020-12-31,RUBIS ORD
JCDX.PA,2020-12-31,JCDECAUX ORD
ETL.PA,2020-12-31,EUTELSAT COMMUNICATIONS ORD
RENA.PA,2020-12-31,RENAULT PAR
PUBP.PA,2020-12-31,PUBLICIS GROUPE ORD
CLARI.PA,2020-12-31,KORIAN ORD
MDM.PA,2020-12-31,MAISONS DU MONDE SA WI ORD
LOIM.PA,2020-12-31,KLEPIERRE REIT
ADP.PA,2020-12-31,AEROPORTS DE PARIS ORD
SCOR.PA,2020-12-31,SCOR SE ORD
CNPP.PA^F22,2020-12-31,CNP ASSURANCES ORD
VIRB.PA,2020-12-31,STE VIRBAC SA
TEPRF.PA,2020-12-31,TELEPERFORMANCE ORD
KOF.PA,2020-12-31,KAUFMAN AND BROAD ORD
VIE.PA,2020-12-31,VEOLIA ENVIRONNEMENT VE ORD
VRLA.PA,2020-12-31,VERALLIA SASU ORD
OREP.PA,2020-12-31,L OREAL S.A.
FDJU.PA,2020-12-31,LA FRANCAISE DES JEUX SA ORD
NEOEN.PA^D25,2020-12-31,NEOEN SA ORD
ALSO.PA,2020-12-31,ALSTOM SA ORD
PERP.PA,2020-12-31,PERNOD-RICARD ORD
OPM.PA,2020-12-31,PLASTIC OMNIUM ORD
LAGA.PA,2020-12-31,LAGARDERE SCA ORD
EURA.PA,2020-12-31,EURAZEO ORD
STMPA.PA,2020-12-31,STMICROELECTRONICS ORD
WLN.PA,2020-12-31,WORLDLINE SA
TCFP.PA,2020-12-31,THALES ORD
FTI.PA^B22,2020-12-31,TECHNIPFMC LTD ORD
VIRI.PA,2020-12-31,CGG
AKE.PA,2020-12-31,ARKEMA ORD
CAPP.PA,2020-12-31,CAPGEMINI ORD
TRIA.PA,2021-12-31,TRIGANO ORD
CVO.PA,2021-12-31,COVIVIO SA ORD
RXL.PA,2021-12-31,REXEL ORD
EMEIS.PA,2021-12-31,ORPEA ORD
SEVI.PA^B22,2021-12-31,SUEZ ORD
SGEF.PA,2021-12-31,VINCI ORD
NEXS.PA,2021-12-31,NEXANS PARIS ORD
APAM.AS,2021-12-31,APERAM ORD
LTEN.PA,2021-12-31,ALTEN ORD
VIV.PA,2021-12-31,VIVENDI ORD
IPN.PA,2021-12-31,IPSEN PROMESSES ORD
SOIT.PA,2021-12-31,SOITEC SA ORD
STLAM.PA,2021-12-31,STELLANTIS NV ORD
STDM.PA,2021-12-31,STEDIM ORD
BOLL.PA,2021-12-31,BOLLORE ORD
EDEN.PA,2021-12-31,EDENRED ORD
BNPP.PA,2021-12-31,BNP PARIBAS ORD
HRMS.PA,2021-12-31,HERMES INTL ORD
COFA.PA,2021-12-31,COFACE PROMESSES ORD
DANO.PA,2021-12-31,GROUPE DANONE ORD
URW.PA,2021-12-31,UNIBAIL-RODAMCO-WESTFIELD ORD
VLS.PA,2021-12-31,VALNEVA
PRTP.PA,2021-12-31,KERING SA
AYV.PA,2021-12-31,ALD INTERNATIONAL SA ORD
BICP.PA,2021-12-31,SOCIETE BIC ORD
ATOS.PA,2021-12-31,ATOS SE ORD
ABIO.PA^J22,2021-12-31,ALBIOMA
ELIOR.PA,2021-12-31,ELIOR GROUP ORD
ALMCP.PA,2021-12-31,MCPHY ENERGY ORD
FNAC.PA,2021-12-31,FNAC DARTY ORD
MICP.PA,2021-12-31,MICHELIN ORD
SAF.PA,2021-12-31,SAFRAN ORD
RCOP.PA,2021-12-31,REMY COINTREAU ORD
DAST.PA,2021-12-31,DASSAULT SYSTEMES ORD
ACCP.PA,2021-12-31,ACCOR SA ORD
OVH.PA,2021-12-31,OVH GROUPE SAS ORD
MWDP.PA,2021-12-31,WENDEL ORD
ORAN.PA,2021-12-31,ORANGE ORD
EUFI.PA,2021-12-31,EUROFINS SCIENTIFIC ORD
EXHO.PA,2021-12-31,SODEXO ORD
ENX.PA,2021-12-31,EURONEXT
BVI.PA,2021-12-31,BUREAU VERITAS REGISTRE INTL ORD
AIRF.PA,2021-12-31,AIR FRANCE-KLM ORD
AIRP.PA,2021-12-31,AIR LIQUIDE ORD
SASY.PA,2021-12-31,SANOFI SA ORD
TFFP.PA,2021-12-31,TF1 ORD
ESLX.PA,2021-12-31,ESSILORLUXOTTICA ORD
AM.PA,2021-12-31,DASSAULT AVIATI ORD
AMUN.PA,2021-12-31,AMUNDI ORD
AIR.PA,2021-12-31,AIRBUS SE
AXAF.PA,2021-12-31,AXA ORD
GFCP.PA,2021-12-31,GECINA REIT
MT.AS,2021-12-31,ARCELORMITTAL ORD
ENGIE.PA,2021-12-31,ENGIE ORD
DBG.PA,2021-12-31,DERICHEBOURG ORD
BOUY.PA,2021-12-31,BOUYGUES ORD
VLLP.PA,2021-12-31,VALLOUREC ORD
UBIP.PA,2021-12-31,UBISOFT ORD
EDF.PA^F23,2021-12-31,ELECTRICITE DE FRANCE SA
SEBF.PA,2021-12-31,SEB ORD
MERY.PA,2021-12-31,MERCIALYS REIT
CASP.PA,2021-12-31,CASINO ORD
SPIE.PA,2021-12-31,SPIE PROMESSES ORD SHS
GTT.PA,2021-12-31,GTT PROMESSES ORD
FOUG.PA,2021-12-31,EIFFAGE ORD
VLOF.PA,2021-12-31,VALEO ORD
ICAD.PA,2021-12-31,ICADE REIT
SESFd.PA,2021-12-31,SES SA GDR
ERMT.PA,2021-12-31,ERAMET ORD
MMTP.PA,2021-12-31,METROPOLE TV ORD
LVMH.PA,2021-12-31,LVMH MOET HENNESSY LOUIS VUITT
SCHN.PA,2021-12-31,SCHNEIDER ELECTRIC SE
ISOS.PA,2021-12-31,IPSOS ORD
CAGR.PA,2021-12-31,CREDIT AGRICOLE ORD
SOGN.PA,2021-12-31,SOCIETE GENERALE ORD
BIOX.PA,2021-12-31,BIOMERIEUX ORD
NEXI.PA,2021-12-31,NEXITY ORD
LEGD.PA,2021-12-31,LEGRAND ORD
SGOB.PA,2021-12-31,SAINT-GOBAIN ORD
ELIS.PA,2021-12-31,ELIS ORD SHS
FRVIA.PA,2021-12-31,FAURECIA SA ORD
IMTP.PA,2021-12-31,IMERYS ORD
SOPR.PA,2021-12-31,SOPRA STERIA GROUP
S30.PA,2021-12-31,SOLUTIONS 30 SE
SOLB.BR,2021-12-31,SOLVAY ORD
CARR.PA,2021-12-31,CARREFOUR ORD
TTEF.PA,2021-12-31,TOTALENERGIES SE ORD
GETP.PA,2021-12-31,GETLINK ORD
RUBF.PA,2021-12-31,RUBIS ORD
JCDX.PA,2021-12-31,JCDECAUX ORD
ETL.PA,2021-12-31,EUTELSAT COMMUNICATIONS ORD
RENA.PA,2021-12-31,RENAULT PAR
PUBP.PA,2021-12-31,PUBLICIS GROUPE ORD
CLARI.PA,2021-12-31,KORIAN ORD
MDM.PA,2021-12-31,MAISONS DU MONDE SA WI ORD
LOIM.PA,2021-12-31,KLEPIERRE REIT
ADP.PA,2021-12-31,AEROPORTS DE PARIS ORD
TE.PA,2021-12-31,TECHNIP ENERGIES BV ORD
SCOR.PA,2021-12-31,SCOR SE ORD
CNPP.PA^F22,2021-12-31,CNP ASSURANCES ORD
VIRB.PA,2021-12-31,STE VIRBAC SA
TEPRF.PA,2021-12-31,TELEPERFORMANCE ORD
VIE.PA,2021-12-31,VEOLIA ENVIRONNEMENT VE ORD
VRLA.PA,2021-12-31,VERALLIA SASU ORD
OREP.PA,2021-12-31,L OREAL S.A.
FDJU.PA,2021-12-31,LA FRANCAISE DES JEUX SA ORD
NEOEN.PA^D25,2021-12-31,NEOEN SA ORD
ALSO.PA,2021-12-31,ALSTOM SA ORD
PERP.PA,2021-12-31,PERNOD-RICARD ORD
OPM.PA,2021-12-31,PLASTIC OMNIUM ORD
LAGA.PA,2021-12-31,LAGARDERE SCA ORD
EURA.PA,2021-12-31,EURAZEO ORD
STMPA.PA,2021-12-31,STMICROELECTRONICS ORD
WLN.PA,2021-12-31,WORLDLINE SA
TCFP.PA,2021-12-31,THALES ORD
FTI.PA^B22,2021-12-31,TECHNIPFMC PLC ORD
VIRI.PA,2021-12-31,CGG
EUCAR.PA^G22,2021-12-31,EUROPCAR MOBILITY GROUP SA ORD
AKE.PA,2021-12-31,ARKEMA ORD
CAPP.PA,2021-12-31,CAPGEMINI ORD
TRIA.PA,2022-12-31,TRIGANO ORD
CVO.PA,2022-12-31,COVIVIO SA ORD
RXL.PA,2022-12-31,REXEL ORD
EMEIS.PA,2022-12-31,ORPEA ORD
SGEF.PA,2022-12-31,VINCI ORD
NEXS.PA,2022-12-31,NEXANS PARIS ORD
APAM.AS,2022-12-31,APERAM ORD
LTEN.PA,2022-12-31,ALTEN ORD
VIV.PA,2022-12-31,VIVENDI ORD
IPN.PA,2022-12-31,IPSEN PROMESSES ORD
SOIT.PA,2022-12-31,SOITEC SA ORD
STLAM.PA,2022-12-31,STELLANTIS NV ORD
STDM.PA,2022-12-31,STEDIM ORD
BOLL.PA,2022-12-31,BOLLORE ORD
EDEN.PA,2022-12-31,EDENRED ORD
BNPP.PA,2022-12-31,BNP PARIBAS ORD
IMAF.PA,2022-12-31,ALTAREA ORD
HRMS.PA,2022-12-31,HERMES INTL ORD
COFA.PA,2022-12-31,COFACE PROMESSES ORD
DANO.PA,2022-12-31,GROUPE DANONE ORD
URW.PA,2022-12-31,UNIBAIL-RODAMCO-WESTFIELD ORD
VLS.PA,2022-12-31,VALNEVA
PRTP.PA,2022-12-31,KERING SA
AYV.PA,2022-12-31,ALD INTERNATIONAL SA ORD
BICP.PA,2022-12-31,SOCIETE BIC ORD
ATOS.PA,2022-12-31,ATOS SE ORD
ELIOR.PA,2022-12-31,ELIOR GROUP ORD
ALMCP.PA,2022-12-31,MCPHY ENERGY ORD
FNAC.PA,2022-12-31,FNAC DARTY ORD
MICP.PA,2022-12-31,MICHELIN ORD
SAF.PA,2022-12-31,SAFRAN ORD
RCOP.PA,2022-12-31,REMY COINTREAU ORD
DAST.PA,2022-12-31,DASSAULT SYSTEMES ORD
ACCP.PA,2022-12-31,ACCOR SA ORD
ANTIN.PA,2022-12-31,ANTIN INFRASTRUCTURE PARTNERS SAS ORD
OVH.PA,2022-12-31,OVH GROUPE SAS ORD
MWDP.PA,2022-12-31,WENDEL ORD
ORAN.PA,2022-12-31,ORANGE ORD
EUFI.PA,2022-12-31,EUROFINS SCIENTIFIC ORD
EXHO.PA,2022-12-31,SODEXO ORD
ENX.PA,2022-12-31,EURONEXT
BVI.PA,2022-12-31,BUREAU VERITAS REGISTRE INTL ORD
AIRF.PA,2022-12-31,AIR FRANCE-KLM ORD
AIRP.PA,2022-12-31,AIR LIQUIDE ORD
SASY.PA,2022-12-31,SANOFI SA ORD
TFFP.PA,2022-12-31,TF1 ORD
CARM.PA,2022-12-31,CARMILA ORD
ESLX.PA,2022-12-31,ESSILORLUXOTTICA ORD
AM.PA,2022-12-31,DASSAULT AVIATI ORD
AMUN.PA,2022-12-31,AMUNDI ORD
AIR.PA,2022-12-31,AIRBUS SE
AXAF.PA,2022-12-31,AXA ORD
GFCP.PA,2022-12-31,GECINA REIT
MT.AS,2022-12-31,ARCELORMITTAL ORD
ENGIE.PA,2022-12-31,ENGIE ORD
VU.PA,2022-12-31,SES IMAGOTAG ORD
DBG.PA,2022-12-31,DERICHEBOURG ORD
BOUY.PA,2022-12-31,BOUYGUES ORD
VLLP.PA,2022-12-31,VALLOUREC ORD
UBIP.PA,2022-12-31,UBISOFT ORD
EDF.PA^F23,2022-12-31,ELECTRICITE DE FRANCE SA
SEBF.PA,2022-12-31,SEB ORD
MERY.PA,2022-12-31,MERCIALYS REIT
CASP.PA,2022-12-31,CASINO ORD
SPIE.PA,2022-12-31,SPIE PROMESSES ORD SHS
GTT.PA,2022-12-31,GTT PROMESSES ORD
FOUG.PA,2022-12-31,EIFFAGE ORD
VLOF.PA,2022-12-31,VALEO ORD
ICAD.PA,2022-12-31,ICADE REIT
SESFd.PA,2022-12-31,SES SA GDR
ERMT.PA,2022-12-31,ERAMET ORD
MMTP.PA,2022-12-31,METROPOLE TV ORD
LVMH.PA,2022-12-31,LVMH MOET HENNESSY LOUIS VUITT
SCHN.PA,2022-12-31,SCHNEIDER ELECTRIC SE
ISOS.PA,2022-12-31,IPSOS ORD
CAGR.PA,2022-12-31,CREDIT AGRICOLE ORD
SOGN.PA,2022-12-31,SOCIETE GENERALE ORD
BIOX.PA,2022-12-31,BIOMERIEUX ORD
NEXI.PA,2022-12-31,NEXITY ORD
LEGD.PA,2022-12-31,LEGRAND ORD
SGOB.PA,2022-12-31,SAINT-GOBAIN ORD
ELIS.PA,2022-12-31,ELIS ORD SHS
FRVIA.PA,2022-12-31,FAURECIA SA ORD
IMTP.PA,2022-12-31,IMERYS ORD
SOPR.PA,2022-12-31,SOPRA STERIA GROUP
S30.PA,2022-12-31,SOLUTIONS 30 SE
SOLB.BR,2022-12-31,SOLVAY ORD
CARR.PA,2022-12-31,CARREFOUR ORD
TTEF.PA,2022-12-31,TOTALENERGIES SE ORD
GETP.PA,2022-12-31,GETLINK ORD
RUBF.PA,2022-12-31,RUBIS ORD
JCDX.PA,2022-12-31,JCDECAUX SE ORD
ETL.PA,2022-12-31,EUTELSAT COMMUNICATIONS ORD
RENA.PA,2022-12-31,RENAULT PAR
PUBP.PA,2022-12-31,PUBLICIS GROUPE ORD
CLARI.PA,2022-12-31,KORIAN ORD
LOIM.PA,2022-12-31,KLEPIERRE REIT
ADP.PA,2022-12-31,AEROPORTS DE PARIS ORD
TE.PA,2022-12-31,TECHNIP ENERGIES BV ORD
IPAR.PA,2022-12-31,INTERPARFUMS ORD
SCOR.PA,2022-12-31,SCOR SE ORD
DAMA.PA^B23,2022-12-31,SOMFY SA ORD
VIRB.PA,2022-12-31,STE VIRBAC SA
TEPRF.PA,2022-12-31,TELEPERFORMANCE ORD
VIE.PA,2022-12-31,VEOLIA ENVIRONNEMENT VE ORD
VRLA.PA,2022-12-31,VERALLIA SASU ORD
OREP.PA,2022-12-31,L OREAL S.A.
FDJU.PA,2022-12-31,LA FRANCAISE DES JEUX SA ORD
NEOEN.PA^D25,2022-12-31,NEOEN SA ORD
ALSO.PA,2022-12-31,ALSTOM SA ORD
PERP.PA,2022-12-31,PERNOD-RICARD ORD
OPM.PA,2022-12-31,PLASTIC OMNIUM ORD
EURA.PA,2022-12-31,EURAZEO ORD
STMPA.PA,2022-12-31,STMICROELECTRONICS ORD
WLN.PA,2022-12-31,WORLDLINE SA
TCFP.PA,2022-12-31,THALES ORD
VIRI.PA,2022-12-31,CGG
EAPI.PA,2022-12-31,EUROAPI SA ORD
AKE.PA,2022-12-31,ARKEMA ORD
CAPP.PA,2022-12-31,CAPGEMINI ORD
TRIA.PA,2023-12-31,TRIGANO ORD
CVO.PA,2023-12-31,COVIVIO SA ORD
RXL.PA,2023-12-31,REXEL ORD
CBLP.PA,2023-12-31,MERSEN ORD
EMEIS.PA,2023-12-31,ORPEA ORD
SGEF.PA,2023-12-31,VINCI ORD
URW.PA,2023-12-31,UNIBAIL-RODAMCO-WESTFIELD ORD
NEXS.PA,2023-12-31,NEXANS PARIS ORD
APAM.AS,2023-12-31,APERAM ORD
LTEN.PA,2023-12-31,ALTEN ORD
VIV.PA,2023-12-31,VIVENDI ORD
IPN.PA,2023-12-31,IPSEN PROMESSES ORD
SOIT.PA,2023-12-31,SOITEC SA ORD
STLAM.PA,2023-12-31,STELLANTIS NV ORD
STDM.PA,2023-12-31,STEDIM ORD
BOLL.PA,2023-12-31,BOLLORE ORD
EDEN.PA,2023-12-31,EDENRED ORD
BNPP.PA,2023-12-31,BNP PARIBAS ORD
HRMS.PA,2023-12-31,HERMES INTL ORD
COFA.PA,2023-12-31,COFACE PROMESSES ORD
DANO.PA,2023-12-31,GROUPE DANONE ORD
VLS.PA,2023-12-31,VALNEVA
PRTP.PA,2023-12-31,KERING SA
AYV.PA,2023-12-31,ALD INTERNATIONAL SA ORD
BICP.PA,2023-12-31,SOCIETE BIC ORD
ATOS.PA,2023-12-31,ATOS SE ORD
ELIOR.PA,2023-12-31,ELIOR GROUP ORD
FNAC.PA,2023-12-31,FNAC DARTY ORD
MICP.PA,2023-12-31,MICHELIN ORD
SAF.PA,2023-12-31,SAFRAN ORD
RCOP.PA,2023-12-31,REMY COINTREAU ORD
DAST.PA,2023-12-31,DASSAULT SYSTEMES ORD
ACCP.PA,2023-12-31,ACCOR SA ORD
MWDP.PA,2023-12-31,WENDEL ORD
ORAN.PA,2023-12-31,ORANGE ORD
IDLA.PA,2023-12-31,ID LOGISTICS GR ORD
EUFI.PA,2023-12-31,EUROFINS SCIENTIFIC ORD
EXHO.PA,2023-12-31,SODEXO ORD
ENX.PA,2023-12-31,EURONEXT
BVI.PA,2023-12-31,BUREAU VERITAS REGISTRE INTL ORD
AIRF.PA,2023-12-31,AIR FRANCE-KLM ORD
AIRP.PA,2023-12-31,AIR LIQUIDE ORD
SASY.PA,2023-12-31,SANOFI SA ORD
TFFP.PA,2023-12-31,TF1 ORD
CARM.PA,2023-12-31,CARMILA ORD
ESLX.PA,2023-12-31,ESSILORLUXOTTICA ORD
AM.PA,2023-12-31,DASSAULT AVIATI ORD
AMUN.PA,2023-12-31,AMUNDI ORD
AIR.PA,2023-12-31,AIRBUS SE
AXAF.PA,2023-12-31,AXA ORD
GFCP.PA,2023-12-31,GECINA REIT
MT.AS,2023-12-31,ARCELORMITTAL ORD
ENGIE.PA,2023-12-31,ENGIE ORD
VU.PA,2023-12-31,SES IMAGOTAG ORD
DBG.PA,2023-12-31,DERICHEBOURG ORD
BOUY.PA,2023-12-31,BOUYGUES ORD
VLLP.PA,2023-12-31,VALLOUREC ORD
UBIP.PA,2023-12-31,UBISOFT ORD
SEBF.PA,2023-12-31,SEB ORD
MERY.PA,2023-12-31,MERCIALYS REIT
SPIE.PA,2023-12-31,SPIE PROMESSES ORD SHS
GTT.PA,2023-12-31,GTT PROMESSES ORD
FOUG.PA,2023-12-31,EIFFAGE ORD
VLOF.PA,2023-12-31,VALEO ORD
ICAD.PA,2023-12-31,ICADE REIT
SESFd.PA,2023-12-31,SES SA GDR
ERMT.PA,2023-12-31,ERAMET ORD
MMTP.PA,2023-12-31,METROPOLE TV ORD
LVMH.PA,2023-12-31,LVMH MOET HENNESSY LOUIS VUITT
SCHN.PA,2023-12-31,SCHNEIDER ELECTRIC SE
ISOS.PA,2023-12-31,IPSOS ORD
CAGR.PA,2023-12-31,CREDIT AGRICOLE ORD
SOGN.PA,2023-12-31,SOCIETE GENERALE ORD
BIOX.PA,2023-12-31,BIOMERIEUX ORD
NEXI.PA,2023-12-31,NEXITY ORD
LEGD.PA,2023-12-31,LEGRAND ORD
SGOB.PA,2023-12-31,SAINT-GOBAIN ORD
ELIS.PA,2023-12-31,ELIS ORD SHS
FRVIA.PA,2023-12-31,FORVIA ORD
IMTP.PA,2023-12-31,IMERYS ORD
SOPR.PA,2023-12-31,SOPRA STERIA GROUP
S30.PA,2023-12-31,SOLUTIONS 30 SE
SOLB.BR,2023-12-31,SOLVAY ORD
CARR.PA,2023-12-31,CARREFOUR ORD
LECS.PA,2023-12-31,LECTRA SYSTEMS ORD
TTEF.PA,2023-12-31,TOTALENERGIES SE ORD
GETP.PA,2023-12-31,GETLINK ORD
RUBF.PA,2023-12-31,RUBIS ORD
JCDX.PA,2023-12-31,JCDECAUX SE ORD
ETL.PA,2023-12-31,EUTELSAT COMMUNICATIONS ORD
RENA.PA,2023-12-31,RENAULT PAR
PUBP.PA,2023-12-31,PUBLICIS GROUPE ORD
CLARI.PA,2023-12-31,CLARIANE ORD
VLTSA.PA,2023-12-31,VOLTALIA ORD
CHBE.PA,2023-12-31,BENETEAU ORD
LOIM.PA,2023-12-31,KLEPIERRE REIT
ADP.PA,2023-12-31,AEROPORTS DE PARIS ORD
TE.PA,2023-12-31,TECHNIP ENERGIES BV ORD
IPAR.PA,2023-12-31,INTERPARFUMS ORD
SCOR.PA,2023-12-31,SCOR SE ORD
VIRB.PA,2023-12-31,STE VIRBAC SA
TEPRF.PA,2023-12-31,TELEPERFORMANCE ORD
VIE.PA,2023-12-31,VEOLIA ENVIRONNEMENT VE ORD
VRLA.PA,2023-12-31,VERALLIA SASU ORD
XFAB.PA,2023-12-31,X FAB SILICON FOUNDRIES ORD
OREP.PA,2023-12-31,L OREAL S.A.
FDJU.PA,2023-12-31,LA FRANCAISE DES JEUX SA ORD
NEOEN.PA^D25,2023-12-31,NEOEN SA ORD
ALSO.PA,2023-12-31,ALSTOM SA ORD
ARGAN.PA,2023-12-31,ARGAN ORD
PERP.PA,2023-12-31,PERNOD-RICARD ORD
OPM.PA,2023-12-31,PLASTIC OMNIUM ORD
EURA.PA,2023-12-31,EURAZEO ORD
STMPA.PA,2023-12-31,STMICROELECTRONICS ORD
WLN.PA,2023-12-31,WORLDLINE SA
TCFP.PA,2023-12-31,THALES ORD
VIRI.PA,2023-12-31,CGG
EAPI.PA,2023-12-31,EUROAPI SA ORD
AKE.PA,2023-12-31,ARKEMA ORD
CAPP.PA,2023-12-31,CAPGEMINI ORD
TRIA.PA,2024-12-31,TRIGANO ORD
CVO.PA,2024-12-31,COVIVIO SA ORD
RXL.PA,2024-12-31,REXEL ORD
CBLP.PA,2024-12-31,MERSEN ORD
EMEIS.PA,2024-12-31,EMEIS ORD
ESSF.PA,2024-12-31,ESSO SOCIETE ANONYME FRANCAISE ORD
SGEF.PA,2024-12-31,VINCI ORD
URW.PA,2024-12-31,UNIBAIL-RODAMCO-WESTFIELD ORD
NEXS.PA,2024-12-31,NEXANS PARIS ORD
APAM.AS,2024-12-31,APERAM ORD
LTEN.PA,2024-12-31,ALTEN ORD
VIV.PA,2024-12-31,VIVENDI ORD
IPN.PA,2024-12-31,IPSEN PROMESSES ORD
SOIT.PA,2024-12-31,SOITEC SA ORD
STLAM.PA,2024-12-31,STELLANTIS NV ORD
STDM.PA,2024-12-31,STEDIM ORD
BOLL.PA,2024-12-31,BOLLORE ORD
EDEN.PA,2024-12-31,EDENRED ORD
ROBF.PA,2024-12-31,ROBERTET ORD
BNPP.PA,2024-12-31,BNP PARIBAS ORD
HRMS.PA,2024-12-31,HERMES INTL ORD
COFA.PA,2024-12-31,COFACE PROMESSES ORD
DANO.PA,2024-12-31,GROUPE DANONE ORD
VLS.PA,2024-12-31,VALNEVA
PRTP.PA,2024-12-31,KERING SA
AYV.PA,2024-12-31,AYVENS ORD
BICP.PA,2024-12-31,SOCIETE BIC ORD
ATOS.PA,2024-12-31,ATOS SE ORD
ELIOR.PA,2024-12-31,ELIOR GROUP ORD
MICP.PA,2024-12-31,MICHELIN ORD
SAF.PA,2024-12-31,SAFRAN ORD
RCOP.PA,2024-12-31,REMY COINTREAU ORD
DAST.PA,2024-12-31,DASSAULT SYSTEMES ORD
ACCP.PA,2024-12-31,ACCOR SA ORD
MWDP.PA,2024-12-31,WENDEL ORD
ORAN.PA,2024-12-31,ORANGE ORD
IDLA.PA,2024-12-31,ID LOGISTICS GR ORD
EUFI.PA,2024-12-31,EUROFINS SCIENTIFIC ORD
EXHO.PA,2024-12-31,SODEXO ORD
MAUP.PA,2024-12-31,MAUREL ET PROM ORD
ENX.PA,2024-12-31,EURONEXT
BVI.PA,2024-12-31,BUREAU VERITAS REGISTRE INTL ORD
AIRF.PA,2024-12-31,AIR FRANCE-KLM ORD
AIRP.PA,2024-12-31,AIR LIQUIDE ORD
SASY.PA,2024-12-31,SANOFI SA ORD
TFFP.PA,2024-12-31,TF1 ORD
CARM.PA,2024-12-31,CARMILA ORD
ESLX.PA,2024-12-31,ESSILORLUXOTTICA ORD
AM.PA,2024-12-31,DASSAULT AVIATI ORD
AMUN.PA,2024-12-31,AMUNDI ORD
AIR.PA,2024-12-31,AIRBUS SE
AXAF.PA,2024-12-31,AXA ORD
GFCP.PA,2024-12-31,GECINA REIT
MT.AS,2024-12-31,ARCELORMITTAL ORD
ENGIE.PA,2024-12-31,ENGIE ORD
VU.PA,2024-12-31,VUSIONGROUP ORD
DBG.PA,2024-12-31,DERICHEBOURG ORD
BOUY.PA,2024-12-31,BOUYGUES ORD
VLLP.PA,2024-12-31,VALLOUREC ORD
UBIP.PA,2024-12-31,UBISOFT ORD
SEBF.PA,2024-12-31,SEB ORD
MERY.PA,2024-12-31,MERCIALYS REIT
PLX.PA,2024-12-31,PLUXEE ORD SHS
SPIE.PA,2024-12-31,SPIE PROMESSES ORD SHS
GTT.PA,2024-12-31,GTT PROMESSES ORD
FOUG.PA,2024-12-31,EIFFAGE ORD
VLOF.PA,2024-12-31,VALEO ORD
ICAD.PA,2024-12-31,ICADE REIT
SESFd.PA,2024-12-31,SES SA GDR
ERMT.PA,2024-12-31,ERAMET ORD
MMTP.PA,2024-12-31,METROPOLE TV ORD
LVMH.PA,2024-12-31,LVMH MOET HENNESSY LOUIS VUITT
SCHN.PA,2024-12-31,SCHNEIDER ELECTRIC SE
ISOS.PA,2024-12-31,IPSOS ORD
CAGR.PA,2024-12-31,CREDIT AGRICOLE ORD
SOGN.PA,2024-12-31,SOCIETE GENERALE ORD
BIOX.PA,2024-12-31,BIOMERIEUX ORD
NEXI.PA,2024-12-31,NEXITY ORD
LEGD.PA,2024-12-31,LEGRAND ORD
SGOB.PA,2024-12-31,SAINT-GOBAIN ORD
ELIS.PA,2024-12-31,ELIS ORD SHS
FRVIA.PA,2024-12-31,FORVIA ORD
IMTP.PA,2024-12-31,IMERYS ORD
SOPR.PA,2024-12-31,SOPRA STERIA GROUP
SOLB.BR,2024-12-31,SOLVAY ORD
CARR.PA,2024-12-31,CARREFOUR ORD
TTEF.PA,2024-12-31,TOTALENERGIES SE ORD
GETP.PA,2024-12-31,GETLINK ORD
RUBF.PA,2024-12-31,RUBIS ORD
JCDX.PA,2024-12-31,JCDECAUX SE ORD
RENA.PA,2024-12-31,RENAULT PAR
PUBP.PA,2024-12-31,PUBLICIS GROUPE ORD
CLARI.PA,2024-12-31,CLARIANE ORD
CHBE.PA,2024-12-31,BENETEAU ORD
LOIM.PA,2024-12-31,KLEPIERRE REIT
ADP.PA,2024-12-31,AEROPORTS DE PARIS ORD
TE.PA,2024-12-31,TECHNIP ENERGIES BV ORD
IPAR.PA,2024-12-31,INTERPARFUMS ORD
SCOR.PA,2024-12-31,SCOR SE ORD
MEDCL.PA,2024-12-31,MEDINCELL SA ORD
VCTP.PA,2024-12-31,VICAT SA ORD
VIRB.PA,2024-12-31,STE VIRBAC SA
TEPRF.PA,2024-12-31,TELEPERFORMANCE ORD
VIE.PA,2024-12-31,VEOLIA ENVIRONNEMENT VE ORD
PLNW.PA,2024-12-31,PLANISWARE SA ORD
VRLA.PA,2024-12-31,VERALLIA SASU ORD
OREP.PA,2024-12-31,L OREAL S.A.
FDJU.PA,2024-12-31,LA FRANCAISE DES JEUX SA ORD
NEOEN.PA^D25,2024-12-31,NEOEN SA ORD
ALSO.PA,2024-12-31,ALSTOM SA ORD
ARGAN.PA,2024-12-31,ARGAN ORD
PERP.PA,2024-12-31,PERNOD-RICARD ORD
OPM.PA,2024-12-31,OPMOBILITY ORD
EURA.PA,2024-12-31,EURAZEO ORD
STMPA.PA,2024-12-31,STMICROELECTRONICS ORD
WLN.PA,2024-12-31,WORLDLINE SA
TCFP.PA,2024-12-31,THALES ORD
VIRI.PA,2024-12-31,VIRIDIEN ORD
AKE.PA,2024-12-31,ARKEMA ORD
CAPP.PA,2024-12-31,CAPGEMINI ORD
BASFn.DE,2019-12-31,BASF SE ORD
IFXGn.DE,2019-12-31,INFINEON TECHNOLOGIES ORD
SIEGn.DE,2019-12-31,SIEMENS ORD
EONGn.DE,2019-12-31,E.ON ORD
DBKGn.DE,2019-12-31,DEUTSCHE BANK ORD
SAPG.DE,2019-12-31,SAP SE ORD
BAYGn.DE,2019-12-31,BAYER AG
RWEG.DE,2019-12-31,RWE ST A ORD
1COVG.DE,2019-12-31,COVESTRO ORD
HNKG_p.DE,2019-12-31,HENKEL& KGAA PRF
DTEGn.DE,2019-12-31,DEUTSCHE TELEKOM AG ORD
LIN.DE,2019-12-31,LINDE PLC ORD
MRCG.DE,2019-12-31,MERCK ORD
VOWG_p.DE,2019-12-31,VOLKSWAGEN PRF
BMWG.DE,2019-12-31,BMW AG
BEIG.DE,2019-12-31,BEIERSDORF ORD
HEIG.DE,2019-12-31,HEIDELBGCEMENT ORD
MTXGn.DE,2019-12-31,MTU AERO ENGINES ORD
FMEG.DE,2019-12-31,FRESENIUS MEDICAL CARE ORD
FREG.DE,2019-12-31,FRESENIUS SE ORD
DHLn.DE,2019-12-31,DEUTSCHE POST ORD
ALVG.DE,2019-12-31,ALLIANZ SE ORD
LHAG.DE,2019-12-31,LUFTHANSA ORD
MUVGn.DE,2019-12-31,MUNICH RE ORD
CONG.DE,2019-12-31,CONTINENTAL ORD
ADSGn.DE,2019-12-31,ADIDAS ORD
MBGn.DE,2019-12-31,DAIMLER ORD
VNAn.DE,2019-12-31,VONOVIA SE
DB1Gn.DE,2019-12-31,DEUTSCHE BOERSE AG ORD
WDIG.DE^A21,2019-12-31,WIRECARD ORD
BASFn.DE,2020-12-31,BASF SE ORD
IFXGn.DE,2020-12-31,INFINEON TECHNOLOGIES ORD
SIEGn.DE,2020-12-31,SIEMENS ORD
EONGn.DE,2020-12-31,E.ON ORD
DWNG.DE,2020-12-31,DT WOHNEN ORD
DBKGn.DE,2020-12-31,DEUTSCHE BANK ORD
SAPG.DE,2020-12-31,SAP SE ORD
BAYGn.DE,2020-12-31,BAYER AG
RWEG.DE,2020-12-31,RWE ST A ORD
1COVG.DE,2020-12-31,COVESTRO ORD
HNKG_p.DE,2020-12-31,HENKEL& KGAA PRF
DTEGn.DE,2020-12-31,DEUTSCHE TELEKOM AG ORD
LIN.DE,2020-12-31,LINDE PLC ORD
MRCG.DE,2020-12-31,MERCK ORD
VOWG_p.DE,2020-12-31,VOLKSWAGEN PRF
BMWG.DE,2020-12-31,BMW AG
BEIG.DE,2020-12-31,BEIERSDORF ORD
HEIG.DE,2020-12-31,HEIDELBGCEMENT ORD
MTXGn.DE,2020-12-31,MTU AERO ENGINES ORD
FMEG.DE,2020-12-31,FRESENIUS MEDICAL CARE ORD
FREG.DE,2020-12-31,FRESENIUS SE ORD
DHLn.DE,2020-12-31,DEUTSCHE POST ORD
ALVG.DE,2020-12-31,ALLIANZ SE ORD
MUVGn.DE,2020-12-31,MUNICH RE ORD
CONG.DE,2020-12-31,CONTINENTAL ORD
ADSGn.DE,2020-12-31,ADIDAS ORD
DHER.DE,2020-12-31,DELIVERY HERO AG ORD
MBGn.DE,2020-12-31,DAIMLER ORD
VNAn.DE,2020-12-31,VONOVIA SE
DB1Gn.DE,2020-12-31,DEUTSCHE BOERSE AG ORD
BASFn.DE,2021-12-31,BASF SE ORD
IFXGn.DE,2021-12-31,INFINEON TECHNOLOGIES ORD
SIEGn.DE,2021-12-31,SIEMENS ORD
EONGn.DE,2021-12-31,E.ON ORD
DBKGn.DE,2021-12-31,DEUTSCHE BANK ORD
SATG_p.DE,2021-12-31,SARTORIUS PRF
SAPG.DE,2021-12-31,SAP SE ORD
BAYGn.DE,2021-12-31,BAYER AG
RWEG.DE,2021-12-31,RWE ST A ORD
1COVG.DE,2021-12-31,COVESTRO ORD
HNKG_p.DE,2021-12-31,HENKEL& KGAA PRF
ZALG.DE,2021-12-31,ZALANDO ORD SHS
DTEGn.DE,2021-12-31,DEUTSCHE TELEKOM AG ORD
LIN.DE,2021-12-31,LINDE PLC ORD
MRCG.DE,2021-12-31,MERCK ORD
PSHG_p.DE,2021-12-31,PORSCHE SE VZ PRF
VOWG_p.DE,2021-12-31,VOLKSWAGEN PRF
BMWG.DE,2021-12-31,BMW AG
BEIG.DE,2021-12-31,BEIERSDORF ORD
HEIG.DE,2021-12-31,HEIDELBGCEMENT ORD
MTXGn.DE,2021-12-31,MTU AERO ENGINES ORD
FMEG.DE,2021-12-31,FRESENIUS MEDICAL CARE ORD
HFGG.DE,2021-12-31,HELLOFRESH SEORD
FREG.DE,2021-12-31,FRESENIUS SE ORD
DHLn.DE,2021-12-31,DEUTSCHE POST ORD
ALVG.DE,2021-12-31,ALLIANZ SE ORD
MUVGn.DE,2021-12-31,MUNICH RE ORD
CONG.DE,2021-12-31,CONTINENTAL ORD
SHLG.DE,2021-12-31,SIEMENS HEALTHINEERS AG ORD
SY1G.DE,2021-12-31,SYMRISE ORD
ADSGn.DE,2021-12-31,ADIDAS ORD
DHER.DE,2021-12-31,DELIVERY HERO AG ORD
ENR1n.DE,2021-12-31,SIEMENS ENERGY AG ORD
MBGn.DE,2021-12-31,DAIMLER AG ORD
BNRGn.DE,2021-12-31,BRENNTAG ORD
AIRG.DE,2021-12-31,AIRBUS SE
VNAn.DE,2021-12-31,VONOVIA SE
DB1Gn.DE,2021-12-31,DEUTSCHE BOERSE AG ORD
PUMG.DE,2021-12-31,PUMA SE ORD
QIA.DE,2021-12-31,QIAGEN ORD
BASFn.DE,2022-12-31,BASF SE ORD
IFXGn.DE,2022-12-31,INFINEON TECHNOLOGIES ORD
SIEGn.DE,2022-12-31,SIEMENS ORD
EONGn.DE,2022-12-31,E.ON ORD
DBKGn.DE,2022-12-31,DEUTSCHE BANK ORD
SATG_p.DE,2022-12-31,SARTORIUS PRF
SAPG.DE,2022-12-31,SAP SE ORD
BAYGn.DE,2022-12-31,BAYER AG
RWEG.DE,2022-12-31,RWE ST A ORD
1COVG.DE,2022-12-31,COVESTRO ORD
HNKG_p.DE,2022-12-31,HENKEL& KGAA PRF
ZALG.DE,2022-12-31,ZALANDO ORD SHS
DTEGn.DE,2022-12-31,DEUTSCHE TELEKOM AG ORD
LIN.DE,2022-12-31,LINDE PLC ORD
MRCG.DE,2022-12-31,MERCK ORD
PSHG_p.DE,2022-12-31,PORSCHE SE VZ PRF
VOWG_p.DE,2022-12-31,VOLKSWAGEN PRF
BMWG.DE,2022-12-31,BMW AG
BEIG.DE,2022-12-31,BEIERSDORF ORD
HEIG.DE,2022-12-31,HEIDELBGCEMENT ORD
MTXGn.DE,2022-12-31,MTU AERO ENGINES ORD
FMEG.DE,2022-12-31,FRESENIUS MEDICAL CARE ORD
FREG.DE,2022-12-31,FRESENIUS SE ORD
DHLn.DE,2022-12-31,DEUTSCHE POST ORD
ALVG.DE,2022-12-31,ALLIANZ SE ORD
MUVGn.DE,2022-12-31,MUNICH RE ORD
CONG.DE,2022-12-31,CONTINENTAL ORD
SHLG.DE,2022-12-31,SIEMENS HEALTHINEERS AG ORD
SY1G.DE,2022-12-31,SYMRISE ORD
ADSGn.DE,2022-12-31,ADIDAS ORD
HNRGn.DE,2022-12-31,HANNOVER RUECKVERSICHERUNG ORD
DTGGe.DE,2022-12-31,DAIMLER TRUCK AG ORD
ENR1n.DE,2022-12-31,SIEMENS ENERGY AG ORD
MBGn.DE,2022-12-31,MERCEDES-BENZ GROUP AG ORD
BNRGn.DE,2022-12-31,BRENNTAG ORD
AIRG.DE,2022-12-31,AIRBUS SE
VNAn.DE,2022-12-31,VONOVIA SE
DB1Gn.DE,2022-12-31,DEUTSCHE BOERSE AG ORD
QIA.DE,2022-12-31,QIAGEN ORD
P911_p.DE,2022-12-31,DR ING HC F PORSCHE AG PREF
BASFn.DE,2023-12-31,BASF SE ORD
IFXGn.DE,2023-12-31,INFINEON TECHNOLOGIES ORD
SIEGn.DE,2023-12-31,SIEMENS ORD
EONGn.DE,2023-12-31,E.ON ORD
DBKGn.DE,2023-12-31,DEUTSCHE BANK ORD
SATG_p.DE,2023-12-31,SARTORIUS PRF
SAPG.DE,2023-12-31,SAP SE ORD
BAYGn.DE,2023-12-31,BAYER AG
RWEG.DE,2023-12-31,RWE ST A ORD
1COVG.DE,2023-12-31,COVESTRO ORD
HNKG_p.DE,2023-12-31,HENKEL& KGAA PRF
ZALG.DE,2023-12-31,ZALANDO ORD SHS
DTEGn.DE,2023-12-31,DEUTSCHE TELEKOM AG ORD
MRCG.DE,2023-12-31,MERCK ORD
PSHG_p.DE,2023-12-31,PORSCHE SE VZ PRF
VOWG_p.DE,2023-12-31,VOLKSWAGEN PRF
BMWG.DE,2023-12-31,BMW AG
BEIG.DE,2023-12-31,BEIERSDORF ORD
HEIG.DE,2023-12-31,HEIDELBGCEMENT ORD
RHMG.DE,2023-12-31,RHEINMETALL ORD
MTXGn.DE,2023-12-31,MTU AERO ENGINES ORD
FREG.DE,2023-12-31,FRESENIUS SE ORD
DHLn.DE,2023-12-31,DEUTSCHE POST ORD
ALVG.DE,2023-12-31,ALLIANZ SE ORD
MUVGn.DE,2023-12-31,MUNICH RE ORD
CONG.DE,2023-12-31,CONTINENTAL ORD
SHLG.DE,2023-12-31,SIEMENS HEALTHINEERS AG ORD
SY1G.DE,2023-12-31,SYMRISE ORD
ADSGn.DE,2023-12-31,ADIDAS ORD
HNRGn.DE,2023-12-31,HANNOVER RUECKVERSICHERUNG ORD
DTGGe.DE,2023-12-31,DAIMLER TRUCK AG ORD
ENR1n.DE,2023-12-31,SIEMENS ENERGY AG ORD
MBGn.DE,2023-12-31,MERCEDES-BENZ GROUP AG ORD
BNRGn.DE,2023-12-31,BRENNTAG ORD
CBKG.DE,2023-12-31,COMMERZBANK AG
AIRG.DE,2023-12-31,AIRBUS SE
VNAn.DE,2023-12-31,VONOVIA SE
DB1Gn.DE,2023-12-31,DEUTSCHE BOERSE AG ORD
QIA.DE,2023-12-31,QIAGEN ORD
P911_p.DE,2023-12-31,DR ING HC F PORSCHE AG PREF
BASFn.DE,2024-12-31,BASF SE ORD
IFXGn.DE,2024-12-31,INFINEON TECHNOLOGIES ORD
SIEGn.DE,2024-12-31,SIEMENS ORD
EONGn.DE,2024-12-31,E.ON ORD
DBKGn.DE,2024-12-31,DEUTSCHE BANK ORD
SATG_p.DE,2024-12-31,SARTORIUS PRF
SAPG.DE,2024-12-31,SAP SE ORD
BAYGn.DE,2024-12-31,BAYER AG
RWEG.DE,2024-12-31,RWE ST A ORD
HNKG_p.DE,2024-12-31,HENKEL& KGAA PRF
ZALG.DE,2024-12-31,ZALANDO ORD SHS
DTEGn.DE,2024-12-31,DEUTSCHE TELEKOM AG ORD
MRCG.DE,2024-12-31,MERCK ORD
PSHG_p.DE,2024-12-31,PORSCHE SE VZ PRF
VOWG_p.DE,2024-12-31,VOLKSWAGEN PRF
BMWG.DE,2024-12-31,BMW AG
BEIG.DE,2024-12-31,BEIERSDORF ORD
HEIG.DE,2024-12-31,HEIDELBGCEMENT ORD
RHMG.DE,2024-12-31,RHEINMETALL ORD
MTXGn.DE,2024-12-31,MTU AERO ENGINES ORD
FMEG.DE,2024-12-31,FRESENIUS MEDICAL CARE ORD
FREG.DE,2024-12-31,FRESENIUS SE ORD
DHLn.DE,2024-12-31,DEUTSCHE POST ORD
ALVG.DE,2024-12-31,ALLIANZ SE ORD
MUVGn.DE,2024-12-31,MUNICH RE ORD
CONG.DE,2024-12-31,CONTINENTAL ORD
SHLG.DE,2024-12-31,SIEMENS HEALTHINEERS AG ORD
SY1G.DE,2024-12-31,SYMRISE ORD
ADSGn.DE,2024-12-31,ADIDAS ORD
HNRGn.DE,2024-12-31,HANNOVER RUECKVERSICHERUNG ORD
DTGGe.DE,2024-12-31,DAIMLER TRUCK AG ORD
ENR1n.DE,2024-12-31,SIEMENS ENERGY AG ORD
MBGn.DE,2024-12-31,MERCEDES-BENZ GROUP AG ORD
BNRGn.DE,2024-12-31,BRENNTAG ORD
CBKG.DE,2024-12-31,COMMERZBANK AG
AIRG.DE,2024-12-31,AIRBUS SE
VNAn.DE,2024-12-31,VONOVIA SE
DB1Gn.DE,2024-12-31,DEUTSCHE BOERSE AG ORD
QIA.DE,2024-12-31,QIAGEN ORD
P911_p.DE,2024-12-31,DR ING HC F PORSCHE AG PREF
PRX.AS,2019-12-31,
MT.AS,2019-12-31,ARCELORMITTAL ORD
ASRNL.AS,2019-12-31,ARS NEDERLAND NV WHEN ISSUED
RAND.AS,2019-12-31,RANDSTAD ORD
ASML.AS,2019-12-31,ASML HOLDING ORD
AEGN.AS,2019-12-31,AEGON ORD
SHEL.AS,2019-12-31,ROYAL DUTCH SHELL ORD SH A
INGA.AS,2019-12-31,ING GROEP ORD
ABNd.AS,2019-12-31,ABN AMRO BANK ORD
DSMN.AS^E23,2019-12-31,KONINKLIJKE DSM ORD
AKZO.AS,2019-12-31,AKZO NOBEL ORD
VOPA.AS,2019-12-31,VOPAK ORD
IMCD.AS,2019-12-31,IMCD
HEIN.AS,2019-12-31,HEINEKEN ORD
REL.AS,2019-12-31,RELX PLC ORD
AALB.AS,2019-12-31,AALBERTS ORD
PHG.AS,2019-12-31,KONINKLIJKE PHILIPS NV
UNA.AS^K20,2019-12-31,UNILEVER OS ORD
AD.AS,2019-12-31,KONINKLIJKE AHOLD DELHAIZE NV ORD
WLSNc.AS,2019-12-31,WOLTERS KLUWERS ORD
ADYEN.AS,2019-12-31,ADYEN NV ORD
URW.PA,2019-12-31,UNIBAIL-RODAMCO-WESTFIELD ORD
NN.AS,2019-12-31,NN GROUP ORD SHS
GLPG.AS,2019-12-31,GALAPAGOS ORD
KPN.AS,2019-12-31,KPN-KON.NV ORD
TKWY.AS,2019-12-31,TAKEAWAY.COM HOLDING ORD
TKWY.AS,2019-12-31,TAKEAWAY.COM HOLDING ORD
PRX.AS,2020-12-31,PROSUS NV ORD
MT.AS,2020-12-31,ARCELORMITTAL ORD
ASRNL.AS,2020-12-31,ARS NEDERLAND NV WHEN ISSUED
ULVR.AS,2020-12-31,UNILEVER PLC ORD
RAND.AS,2020-12-31,RANDSTAD ORD
ASMI.AS,2020-12-31,ASM INTL ORD
ASML.AS,2020-12-31,ASML HOLDING ORD
AEGN.AS,2020-12-31,AEGON ORD
SHEL.AS,2020-12-31,ROYAL DUTCH SHELL ORD SH A
INGA.AS,2020-12-31,ING GROEP ORD
ABNd.AS,2020-12-31,ABN AMRO BANK ORD
DSMN.AS^E23,2020-12-31,KONINKLIJKE DSM ORD
AKZO.AS,2020-12-31,AKZO NOBEL ORD
IMCD.AS,2020-12-31,IMCD
HEIN.AS,2020-12-31,HEINEKEN ORD
REL.AS,2020-12-31,RELX PLC ORD
PHG.AS,2020-12-31,KONINKLIJKE PHILIPS NV
AD.AS,2020-12-31,KONINKLIJKE AHOLD DELHAIZE NV ORD
WLSNc.AS,2020-12-31,WOLTERS KLUWERS ORD
ADYEN.AS,2020-12-31,ADYEN NV ORD
URW.PA,2020-12-31,UNIBAIL-RODAMCO-WESTFIELD ORD
NN.AS,2020-12-31,NN GROUP ORD SHS
GLPG.AS,2020-12-31,GALAPAGOS ORD
KPN.AS,2020-12-31,KPN-KON.NV ORD
TKWY.AS,2020-12-31,JUST EAT TAKEAWAY.COM NV ORD
TKWY.AS,2020-12-31,JUST EAT TAKEAWAY.COM NV ORD
TKWY.AS,2020-12-31,JUST EAT TAKEAWAY.COM NV ORD
PRX.AS,2021-12-31,PROSUS NV ORD
MT.AS,2021-12-31,ARCELORMITTAL ORD
BESI.AS,2021-12-31,BE SEMICONDUCTOR ORD
ULVR.AS,2021-12-31,UNILEVER PLC ORD
RAND.AS,2021-12-31,RANDSTAD ORD
ASMI.AS,2021-12-31,ASM INTL ORD
ASML.AS,2021-12-31,ASML HOLDING ORD
AEGN.AS,2021-12-31,AEGON ORD
SHEL.AS,2021-12-31,ROYAL DUTCH SHELL ORD SH A
INGA.AS,2021-12-31,ING GROEP ORD
DSMN.AS^E23,2021-12-31,KONINKLIJKE DSM ORD
AKZO.AS,2021-12-31,AKZO NOBEL ORD
IMCD.AS,2021-12-31,IMCD
HEIN.AS,2021-12-31,HEINEKEN ORD
REL.AS,2021-12-31,RELX PLC ORD
PHG.AS,2021-12-31,KONINKLIJKE PHILIPS NV
AD.AS,2021-12-31,KONINKLIJKE AHOLD DELHAIZE NV ORD
WLSNc.AS,2021-12-31,WOLTERS KLUWERS ORD
ADYEN.AS,2021-12-31,ADYEN NV ORD
URW.PA,2021-12-31,UNIBAIL-RODAMCO-WESTFIELD ORD
LIGHT.AS,2021-12-31,SIGNIFY NV ORD
NN.AS,2021-12-31,NN GROUP ORD SHS
KPN.AS,2021-12-31,KPN-KON.NV ORD
UMG.AS,2021-12-31,UNIVERSAL MUSIC GROUP NV ORD
TKWY.AS,2021-12-31,JUST EAT TAKEAWAY.COM NV ORD
TKWY.AS,2021-12-31,JUST EAT TAKEAWAY.COM NV ORD
TKWY.AS,2021-12-31,JUST EAT TAKEAWAY.COM NV ORD
PRX.AS,2022-12-31,PROSUS NV ORD
MT.AS,2022-12-31,ARCELORMITTAL ORD
BESI.AS,2022-12-31,BE SEMICONDUCTOR ORD
EXOR.AS,2022-12-31,
ULVR.AS,2022-12-31,UNILEVER PLC ORD
SHEL.AS,2022-12-31,SHELL PLC ORD
RAND.AS,2022-12-31,RANDSTAD ORD
ASMI.AS,2022-12-31,ASM INTL ORD
ASML.AS,2022-12-31,ASML HOLDING ORD
AEGN.AS,2022-12-31,AEGON ORD
INGA.AS,2022-12-31,ING GROEP ORD
DSMN.AS^E23,2022-12-31,KONINKLIJKE DSM ORD
AKZO.AS,2022-12-31,AKZO NOBEL ORD
IMCD.AS,2022-12-31,IMCD
HEIN.AS,2022-12-31,HEINEKEN ORD
REL.AS,2022-12-31,RELX PLC ORD
PHG.AS,2022-12-31,KONINKLIJKE PHILIPS NV
AD.AS,2022-12-31,KONINKLIJKE AHOLD DELHAIZE NV ORD
WLSNc.AS,2022-12-31,WOLTERS KLUWERS ORD
ADYEN.AS,2022-12-31,ADYEN NV ORD
URW.PA,2022-12-31,UNIBAIL-RODAMCO-WESTFIELD ORD
LIGHT.AS,2022-12-31,SIGNIFY NV ORD
NN.AS,2022-12-31,NN GROUP ORD SHS
KPN.AS,2022-12-31,KPN-KON.NV ORD
UMG.AS,2022-12-31,UNIVERSAL MUSIC GROUP NV ORD
TKWY.AS,2022-12-31,JUST EAT TAKEAWAY.COM NV ORD
TKWY.AS,2022-12-31,JUST EAT TAKEAWAY.COM NV ORD
TKWY.AS,2022-12-31,JUST EAT TAKEAWAY.COM NV ORD
DSFIR.AS,2023-12-31,
PRX.AS,2023-12-31,PROSUS NV ORD
MT.AS,2023-12-31,ARCELORMITTAL ORD
BESI.AS,2023-12-31,BE SEMICONDUCTOR ORD
ASRNL.AS,2023-12-31,ARS NEDERLAND NV WHEN ISSUED
EXOR.AS,2023-12-31,
ULVR.AS,2023-12-31,UNILEVER PLC ORD
SHEL.AS,2023-12-31,SHELL PLC ORD
RAND.AS,2023-12-31,RANDSTAD ORD
ASMI.AS,2023-12-31,ASM INTL ORD
ASML.AS,2023-12-31,ASML HOLDING ORD
AEGN.AS,2023-12-31,AEGON ORD
INGA.AS,2023-12-31,ING GROEP ORD
ABNd.AS,2023-12-31,ABN AMRO BANK ORD
AKZO.AS,2023-12-31,AKZO NOBEL ORD
IMCD.AS,2023-12-31,IMCD
HEIN.AS,2023-12-31,HEINEKEN ORD
REL.AS,2023-12-31,RELX PLC ORD
PHG.AS,2023-12-31,KONINKLIJKE PHILIPS NV
AD.AS,2023-12-31,KONINKLIJKE AHOLD DELHAIZE NV ORD
WLSNc.AS,2023-12-31,WOLTERS KLUWERS ORD
ADYEN.AS,2023-12-31,ADYEN NV ORD
NN.AS,2023-12-31,NN GROUP ORD SHS
KPN.AS,2023-12-31,KPN-KON.NV ORD
UMG.AS,2023-12-31,UNIVERSAL MUSIC GROUP NV ORD
TKWY.AS,2023-12-31,JUST EAT TAKEAWAY.COM NV ORD
TKWY.AS,2023-12-31,JUST EAT TAKEAWAY.COM NV ORD
TKWY.AS,2023-12-31,JUST EAT TAKEAWAY.COM NV ORD
DSFIR.AS,2024-12-31,
PRX.AS,2024-12-31,PROSUS NV ORD
MT.AS,2024-12-31,ARCELORMITTAL ORD
BESI.AS,2024-12-31,BE SEMICONDUCTOR ORD
ASRNL.AS,2024-12-31,ARS NEDERLAND NV WHEN ISSUED
EXOR.AS,2024-12-31,
ULVR.AS,2024-12-31,UNILEVER PLC ORD
SHEL.AS,2024-12-31,SHELL PLC ORD
RAND.AS,2024-12-31,RANDSTAD ORD
ASMI.AS,2024-12-31,ASM INTL ORD
ASML.AS,2024-12-31,ASML HOLDING ORD
AEGN.AS,2024-12-31,AEGON ORD
INGA.AS,2024-12-31,ING GROEP ORD
ABNd.AS,2024-12-31,ABN AMRO BANK ORD
AKZO.AS,2024-12-31,AKZO NOBEL ORD
IMCD.AS,2024-12-31,IMCD
HEIN.AS,2024-12-31,HEINEKEN ORD
REL.AS,2024-12-31,RELX PLC ORD
PHG.AS,2024-12-31,KONINKLIJKE PHILIPS NV
AD.AS,2024-12-31,KONINKLIJKE AHOLD DELHAIZE NV ORD
WLSNc.AS,2024-12-31,WOLTERS KLUWERS ORD
ADYEN.AS,2024-12-31,ADYEN NV ORD
NN.AS,2024-12-31,NN GROUP ORD SHS
KPN.AS,2024-12-31,KPN-KON.NV ORD
UMG.AS,2024-12-31,UNIVERSAL MUSIC GROUP NV ORD
TKWY.AS,2024-12-31,JUST EAT TAKEAWAY.COM NV ORD
TKWY.AS,2024-12-31,JUST EAT TAKEAWAY.COM NV ORD
TKWY.AS,2024-12-31,JUST EAT TAKEAWAY.COM NV ORD
BOSN.AS^K22,2019-12-31,ROYAL BOSKALIS ORD
AIRF.PA,2019-12-31,AIR FRANCE-KLM ORD
PTNL.AS,2019-12-31,POSTNL ORD
ATCA.AS^A21,2019-12-31,ALTICE EUROPE NV ORD
BFIT.AS,2019-12-31,BASIC FIT NV ORD
SBMO.AS,2019-12-31,SBM OFFSHORE ORD
LIGHT.AS,2019-12-31,SIGNIFY NV ORD
BAMN.AS,2019-12-31,KONINKLIJKE BAM GROEP ORD
TKWY.AS,2019-12-31,TAKEAWAY.COM HOLDING ORD
GVNV.AS^A22,2019-12-31,GRANDVISION
APAM.AS,2019-12-31,APERAM ORD
CORB.AS,2019-12-31,CSM ORD
AMG.AS,2019-12-31,AMG ORD
ARDS.AS,2019-12-31,ARCADIS ORD
ASMI.AS,2019-12-31,ASM INTL ORD
OCI.AS,2019-12-31,OCI
WDPP.BR,2019-12-31,WDP-SICAFI REIT
FLOW.AS,2019-12-31,FLOW TRADERS ORD
FUGR.AS,2019-12-31,FUGRO NV ORD
TWKNc.AS,2019-12-31,TWENTSCHE KABEL ORD
INTER.AS^L22,2019-12-31,INTERTRUST GROUP HOLDING ORD WI
ECMPA.AS,2019-12-31,EUROCOMMERCIAL PROPERTIES REIT
WEHA.AS,2019-12-31,WERELDHAVE REIT
FAGRO.BR,2019-12-31,FAGRON
BESI.AS,2019-12-31,BE SEMICONDUCTOR ORD
BOSN.AS^K22,2020-12-31,ROYAL BOSKALIS ORD
NSTEc.AS,2020-12-31,NSI NV
AIRF.PA,2020-12-31,AIR FRANCE-KLM ORD
PHAR.AS,2020-12-31,PHARMING GROUP ORD
PTNL.AS,2020-12-31,POSTNL ORD
ATCA.AS^A21,2020-12-31,ALTICE EUROPE NV ORD
BFIT.AS,2020-12-31,BASIC FIT NV ORD
SBMO.AS,2020-12-31,SBM OFFSHORE ORD
LIGHT.AS,2020-12-31,SIGNIFY NV ORD
GVNV.AS^A22,2020-12-31,GRANDVISION
APAM.AS,2020-12-31,APERAM ORD
CORB.AS,2020-12-31,CSM ORD
ARDS.AS,2020-12-31,ARCADIS ORD
JDEP.AS,2020-12-31,JDE PEETS ORD
VOPA.AS,2020-12-31,VOPAK ORD
OCI.AS,2020-12-31,OCI
WDPP.BR,2020-12-31,WDP-SICAFI REIT
FLOW.AS,2020-12-31,FLOW TRADERS ORD
FUGR.AS,2020-12-31,FUGRO NV ORD
TWKNc.AS,2020-12-31,TWENTSCHE KABEL ORD
INTER.AS^L22,2020-12-31,INTERTRUST GROUP HOLDING ORD WI
ECMPA.AS,2020-12-31,EUROCOMMERCIAL PROPERTIES REIT
AALB.AS,2020-12-31,AALBERTS ORD
FAGRO.BR,2020-12-31,FAGRON
BESI.AS,2020-12-31,BE SEMICONDUCTOR ORD
BOSN.AS^K22,2021-12-31,ROYAL BOSKALIS ORD
AIRF.PA,2021-12-31,AIR FRANCE-KLM ORD
PTNL.AS,2021-12-31,POSTNL ORD
BFIT.AS,2021-12-31,BASIC FIT NV ORD
SBMO.AS,2021-12-31,SBM OFFSHORE ORD
GLPG.AS,2021-12-31,GALAPAGOS ORD
INPST.AS,2021-12-31,INPOST ORD SHS WHEN ISSUED
APAM.AS,2021-12-31,APERAM ORD
CORB.AS,2021-12-31,CSM ORD
AMG.AS,2021-12-31,AMG ORD
ARDS.AS,2021-12-31,ARCADIS ORD
JDEP.AS,2021-12-31,JDE PEETS ORD
VOPA.AS,2021-12-31,VOPAK ORD
ABNd.AS,2021-12-31,ABN AMRO BANK ORD
ALFEN.AS,2021-12-31,ALFEN BEHEER ORD
OCI.AS,2021-12-31,OCI
WDPP.BR,2021-12-31,WDP-SICAFI REIT
FLOW.AS,2021-12-31,FLOW TRADERS ORD
FUGR.AS,2021-12-31,FUGRO NV ORD
TWKNc.AS,2021-12-31,TWENTSCHE KABEL ORD
INTER.AS^L22,2021-12-31,INTERTRUST GROUP HOLDING ORD WI
ECMPA.AS,2021-12-31,EUROCOMMERCIAL PROPERTIES REIT
AALB.AS,2021-12-31,AALBERTS ORD
FAGRO.BR,2021-12-31,FAGRON
ASRNL.AS,2021-12-31,ARS NEDERLAND NV WHEN ISSUED
AIRF.PA,2022-12-31,AIR FRANCE-KLM ORD
PTNL.AS,2022-12-31,POSTNL ORD
BFIT.AS,2022-12-31,BASIC FIT NV ORD
SBMO.AS,2022-12-31,SBM OFFSHORE ORD
GLPG.AS,2022-12-31,GALAPAGOS ORD
INPST.AS,2022-12-31,INPOST ORD SHS WHEN ISSUED
TKWY.AS,2022-12-31,JUST EAT TAKEAWAY.COM NV ORD
CTPNV.AS,2022-12-31,CTP NV ORD
APAM.AS,2022-12-31,APERAM ORD
CORB.AS,2022-12-31,CSM ORD
AMG.AS,2022-12-31,AMG ORD
ARDS.AS,2022-12-31,ARCADIS ORD
JDEP.AS,2022-12-31,JDE PEETS ORD
VOPA.AS,2022-12-31,VOPAK ORD
ABNd.AS,2022-12-31,ABN AMRO BANK ORD
ALFEN.AS,2022-12-31,ALFEN BEHEER ORD
OCI.AS,2022-12-31,OCI
WDPP.BR,2022-12-31,WDP-SICAFI REIT
FLOW.AS,2022-12-31,FLOW TRADERS ORD
FUGR.AS,2022-12-31,FUGRO NV ORD
TWKNc.AS,2022-12-31,TWENTSCHE KABEL ORD
ECMPA.AS,2022-12-31,EUROCOMMERCIAL PROPERTIES REIT
AALB.AS,2022-12-31,AALBERTS ORD
FAGRO.BR,2022-12-31,FAGRON
ASRNL.AS,2022-12-31,ARS NEDERLAND NV WHEN ISSUED
VLAN.AS,2023-12-31,VAN LANSCHOTKEMPEN NV ORD
AIRF.PA,2023-12-31,AIR FRANCE-KLM ORD
BFIT.AS,2023-12-31,BASIC FIT NV ORD
ALLFG.AS,2023-12-31,ALLFUNDS GROUP LTD ORD
SBMO.AS,2023-12-31,SBM OFFSHORE ORD
LIGHT.AS,2023-12-31,SIGNIFY NV ORD
GLPG.AS,2023-12-31,GALAPAGOS ORD
INPST.AS,2023-12-31,INPOST ORD SHS WHEN ISSUED
TKWY.AS,2023-12-31,JUST EAT TAKEAWAY.COM NV ORD
CTPNV.AS,2023-12-31,CTP NV ORD
APAM.AS,2023-12-31,APERAM ORD
CORB.AS,2023-12-31,CSM ORD
AMG.AS,2023-12-31,AMG ORD
ARDS.AS,2023-12-31,ARCADIS ORD
JDEP.AS,2023-12-31,JDE PEETS ORD
VOPA.AS,2023-12-31,VOPAK ORD
ALFEN.AS,2023-12-31,ALFEN BEHEER ORD
OCI.AS,2023-12-31,OCI
WDPP.BR,2023-12-31,WDP-SICAFI REIT
FLOW.AS,2023-12-31,FLOW TRADERS ORD
FUGR.AS,2023-12-31,FUGRO NV ORD
TWKNc.AS,2023-12-31,TWENTSCHE KABEL ORD
ECMPA.AS,2023-12-31,EUROCOMMERCIAL PROPERTIES REIT
AALB.AS,2023-12-31,AALBERTS ORD
FAGRO.BR,2023-12-31,FAGRON
VLAN.AS,2024-12-31,VAN LANSCHOTKEMPEN NV ORD
AIRF.PA,2024-12-31,AIR FRANCE-KLM ORD
BFIT.AS,2024-12-31,BASIC FIT NV ORD
ALLFG.AS,2024-12-31,ALLFUNDS GROUP LTD ORD
SBMO.AS,2024-12-31,SBM OFFSHORE ORD
LIGHT.AS,2024-12-31,SIGNIFY NV ORD
GLPG.AS,2024-12-31,GALAPAGOS ORD
INPST.AS,2024-12-31,INPOST ORD SHS WHEN ISSUED
TKWY.AS,2024-12-31,JUST EAT TAKEAWAY.COM NV ORD
CTPNV.AS,2024-12-31,CTP NV ORD
APAM.AS,2024-12-31,APERAM ORD
CORB.AS,2024-12-31,CSM ORD
AMG.AS,2024-12-31,AMG ORD
ARDS.AS,2024-12-31,ARCADIS ORD
JDEP.AS,2024-12-31,JDE PEETS ORD
VOPA.AS,2024-12-31,VOPAK ORD
ALFEN.AS,2024-12-31,ALFEN BEHEER ORD
OCI.AS,2024-12-31,OCI
WDPP.BR,2024-12-31,WDP-SICAFI REIT
FLOW.AS,2024-12-31,FLOW TRADERS ORD
FUGR.AS,2024-12-31,FUGRO NV ORD
TWKNc.AS,2024-12-31,TWENTSCHE KABEL ORD
ECMPA.AS,2024-12-31,EUROCOMMERCIAL PROPERTIES REIT
AALB.AS,2024-12-31,AALBERTS ORD
FAGRO.BR,2024-12-31,FAGRON
SALM.OL,2019-12-31,SALMAR ORD
GJFG.OL,2019-12-31,GJENSIDIGE ORD
SUBC.OL,2019-12-31,SUBSEA ORD
NEL.OL,2019-12-31,NEL ASA
NHY.OL,2019-12-31,NORSK HYDRO ORD
FRO.OL,2019-12-31,FRONTLINE ORD
BAKKA.OL,2019-12-31,BAKKAFROST ORD
TEL.OL,2019-12-31,TELENOR ORD
AKRBP.OL,2019-12-31,AKER BP ASA ORD
DNO.OL,2019-12-31,DNO ASA
AKER.OL,2019-12-31,AKER ORD
VENDA.OL,2019-12-31,SCHIBSTED ORD
YAR.OL,2019-12-31,YARA INTL ORD
NAS.OL,2019-12-31,NORWEGIAN AIR SHUTTLE ORD
EQNR.OL,2019-12-31,EQUINOR ORD
GOGL.OL^H25,2019-12-31,GOLDEN OCEAN GROUP LTD
TGS.OL,2019-12-31,TGS-NOPEC GEO ORD
TOM.OL,2019-12-31,TOMRA SYSTEMS ORD
STB.OL,2019-12-31,UNI STOREBRAND ORD
BWLPG.OL,2019-12-31,BW LPG ORD
LSG.OL,2019-12-31,LEROY SEAFOOD ORD
MOWI.OL,2019-12-31,MOWI ASA ORD
BWO.OL,2019-12-31,BW OFFSHORE ORD
ORK.OL,2019-12-31,ORKLA ORD
DNB.OL,2019-12-31,DNBNOR ORD
SALM.OL,2020-12-31,SALMAR ORD
GJFG.OL,2020-12-31,GJENSIDIGE ORD
SUBC.OL,2020-12-31,SUBSEA ORD
NEL.OL,2020-12-31,NEL ASA
NHY.OL,2020-12-31,NORSK HYDRO ORD
FRO.OL,2020-12-31,FRONTLINE ORD
BAKKA.OL,2020-12-31,BAKKAFROST ORD
TEL.OL,2020-12-31,TELENOR ORD
AKRBP.OL,2020-12-31,AKER BP ASA ORD
SCATC.OL,2020-12-31,SCATEC ASA ORD
DNO.OL,2020-12-31,DNO ASA
ENTRA.OL,2020-12-31,ENTRA ASA
AKER.OL,2020-12-31,AKER ORD
VENDA.OL,2020-12-31,SCHIBSTED ORD
YAR.OL,2020-12-31,YARA INTL ORD
EQNR.OL,2020-12-31,EQUINOR ORD
TGS.OL,2020-12-31,TGS-NOPEC GEO ORD
TOM.OL,2020-12-31,TOMRA SYSTEMS ORD
STB.OL,2020-12-31,UNI STOREBRAND ORD
BWLPG.OL,2020-12-31,BW LPG ORD
LSG.OL,2020-12-31,LEROY SEAFOOD ORD
MOWI.OL,2020-12-31,MOWI ASA ORD
BWO.OL,2020-12-31,BW OFFSHORE ORD
ORK.OL,2020-12-31,ORKLA ORD
DNB.OL,2020-12-31,DNBNOR ORD
SALM.OL,2021-12-31,SALMAR ORD
GJFG.OL,2021-12-31,GJENSIDIGE ORD
SUBC.OL,2021-12-31,SUBSEA ORD
NEL.OL,2021-12-31,NEL ASA
NHY.OL,2021-12-31,NORSK HYDRO ORD
FRO.OL,2021-12-31,FRONTLINE ORD
BAKKA.OL,2021-12-31,BAKKAFROST ORD
MPCC.OL,2021-12-31,MPC CONTAINER SHIPS AS ORD
TEL.OL,2021-12-31,TELENOR ORD
AKRBP.OL,2021-12-31,AKER BP ASA ORD
SCATC.OL,2021-12-31,SCATEC ASA ORD
RECSI.OL,2021-12-31,REC SILICON ASA
AKER.OL,2021-12-31,AKER ORD
VENDA.OL,2021-12-31,SCHIBSTED ORD
KAHOT.OL^A24,2021-12-31,KAHOOT! AS ORD
YAR.OL,2021-12-31,YARA INTL ORD
NOD.OL,2021-12-31,NORDIC VLSI ORD
EQNR.OL,2021-12-31,EQUINOR ORD
GOGL.OL^H25,2021-12-31,GOLDEN OCEAN GROUP LTD
TOM.OL,2021-12-31,TOMRA SYSTEMS ORD
STB.OL,2021-12-31,UNI STOREBRAND ORD
MOWI.OL,2021-12-31,MOWI ASA ORD
ORK.OL,2021-12-31,ORKLA ORD
ADEA.OL^F24,2021-12-31,ADEVINTA ASA ORD
DNB.OL,2021-12-31,DNB BANK ORD
SALM.OL,2022-12-31,SALMAR ORD
SUBC.OL,2022-12-31,SUBSEA ORD
NEL.OL,2022-12-31,NEL ASA
NHY.OL,2022-12-31,NORSK HYDRO ORD
FRO.OL,2022-12-31,FRONTLINE ORD
MPCC.OL,2022-12-31,MPC CONTAINER SHIPS AS ORD
TEL.OL,2022-12-31,TELENOR ORD
AKRBP.OL,2022-12-31,AKER BP ASA ORD
AUTO.OL,2022-12-31,AUTOSTORE HOLDINGS LTD ORD
RECSI.OL,2022-12-31,REC SILICON ASA
VENDA.OL,2022-12-31,SCHIBSTED ORD
KAHOT.OL^A24,2022-12-31,KAHOOT! AS ORD
PGS.OL^G24,2022-12-31,PGS ORD
YAR.OL,2022-12-31,YARA INTL ORD
NAS.OL,2022-12-31,NORWEGIAN AIR SHUTTLE ORD
VAR.OL,2022-12-31,VAR ENERGI ASA ORD
NOD.OL,2022-12-31,NORDIC VLSI ORD
EQNR.OL,2022-12-31,EQUINOR ORD
GOGL.OL^H25,2022-12-31,GOLDEN OCEAN GROUP LTD
TOM.OL,2022-12-31,TOMRA SYSTEMS ORD
KOG.OL,2022-12-31,KONGSBERG GRUPPEN ORD
STB.OL,2022-12-31,UNI STOREBRAND ORD
MOWI.OL,2022-12-31,MOWI ASA ORD
ORK.OL,2022-12-31,ORKLA ORD
DNB.OL,2022-12-31,DNB BANK ORD
SALM.OL,2023-12-31,SALMAR ORD
GJFG.OL,2023-12-31,GJENSIDIGE ORD
SUBC.OL,2023-12-31,SUBSEA ORD
NEL.OL,2023-12-31,NEL ASA
NHY.OL,2023-12-31,NORSK HYDRO ORD
FRO.OL,2023-12-31,FRONTLINE PLC ORD
TEL.OL,2023-12-31,TELENOR ORD
AKRBP.OL,2023-12-31,AKER BP ASA ORD
HAUTO.OL,2023-12-31,HOEGH AUTOLINERS ORD SHS
BORR.OL^A25,2023-12-31,BORR DRILLING LTD ORD
PGS.OL^G24,2023-12-31,PGS ORD
YAR.OL,2023-12-31,YARA INTL ORD
NAS.OL,2023-12-31,NORWEGIAN AIR SHUTTLE ORD
VAR.OL,2023-12-31,VAR ENERGI ASA ORD
NOD.OL,2023-12-31,NORDIC VLSI ORD
EQNR.OL,2023-12-31,EQUINOR ORD
GOGL.OL^H25,2023-12-31,GOLDEN OCEAN GROUP LTD
TGS.OL,2023-12-31,TGS ASA ORD
TOM.OL,2023-12-31,TOMRA SYSTEMS ORD
KOG.OL,2023-12-31,KONGSBERG GRUPPEN ORD
STB.OL,2023-12-31,UNI STOREBRAND ORD
MOWI.OL,2023-12-31,MOWI ASA ORD
ORK.OL,2023-12-31,ORKLA ORD
DNB.OL,2023-12-31,DNB BANK ORD
HAFNI.OL,2023-12-31,HAFNIA LTD ORD
SALM.OL,2024-12-31,SALMAR ORD
GJFG.OL,2024-12-31,GJENSIDIGE ORD
SUBC.OL,2024-12-31,SUBSEA ORD
NHY.OL,2024-12-31,NORSK HYDRO ORD
FRO.OL,2024-12-31,FRONTLINE PLC ORD
MPCC.OL,2024-12-31,MPC CONTAINER SHIPS AS ORD
TEL.OL,2024-12-31,TELENOR ORD
AKRBP.OL,2024-12-31,AKER BP ASA ORD
HAUTO.OL,2024-12-31,HOEGH AUTOLINERS ORD SHS
WAWI.OL,2024-12-31,WALLENIUS WILHELMSEN ASA ORD
YAR.OL,2024-12-31,YARA INTL ORD
NAS.OL,2024-12-31,NORWEGIAN AIR SHUTTLE ORD
VAR.OL,2024-12-31,VAR ENERGI ASA ORD
NOD.OL,2024-12-31,NORDIC VLSI ORD
EQNR.OL,2024-12-31,EQUINOR ORD
GOGL.OL^H25,2024-12-31,GOLDEN OCEAN GROUP LTD
TGS.OL,2024-12-31,TGS ASA ORD
TOM.OL,2024-12-31,TOMRA SYSTEMS ORD
KOG.OL,2024-12-31,KONGSBERG GRUPPEN ORD
STB.OL,2024-12-31,UNI STOREBRAND ORD
BWLPG.OL,2024-12-31,BW LPG ORD
MOWI.OL,2024-12-31,MOWI ASA ORD
ORK.OL,2024-12-31,ORKLA ORD
DNB.OL,2024-12-31,DNB BANK ORD
HAFNI.OL,2024-12-31,HAFNIA LTD ORD
ATCOa.ST,2019-12-31,ATLAS COPCO SR A ORD
SAND.ST,2019-12-31,SANDVIK ORD
ATCOb.ST,2019-12-31,ATLAS COPCO SR B ORD
AZN.ST,2019-12-31,ASTRAZENECA ORD
ESSITYb.ST,2019-12-31,ESSITY AKTIEBOLAG B ORD
ELUXb.ST,2019-12-31,ELECTROLUX ORD
ALFA.ST,2019-12-31,ALFA LAVAL ORD
SSABa.ST,2019-12-31,SSAB SWEDISH STAL SR A ORD
ASSAb.ST,2019-12-31,ASSA ABLOY ORD
INVEb.ST,2019-12-31,INVESTOR ORD
NDASE.ST,2019-12-31,NORDEA BANK ABP ORD
SKAb.ST,2019-12-31,SKANSKA ORD
SECUb.ST,2019-12-31,SECURITAS ORD
TEL2b.ST,2019-12-31,TELE2 ORD
BOL.ST,2019-12-31,BOLIDEN ORD
SWMA.ST^A23,2019-12-31,SWEDISH MATCH ORD
TELIA.ST,2019-12-31,TELIA CO AB ORD
ERICb.ST,2019-12-31,TELEFONAKTIEBOLAGET LM ERICSSON ORD
SEBa.ST,2019-12-31,SKANDINAVISKA ENSKILDAANKEN ORD
GETIb.ST,2019-12-31,GETINGE ORD
SKFb.ST,2019-12-31,SKF ORD
HMb.ST,2019-12-31,HENNES AND MAURITZ ORD
SCAb.ST,2019-12-31,SVENSKA CELLULOSA ORD
HEXAb.ST,2019-12-31,HEXAGON ORD
ALIVsdb.ST,2019-12-31,AUTOLIV SDR
SHBa.ST,2019-12-31,SVENSKA HANDELSBANKEN ORD
VOLVb.ST,2019-12-31,VOLVO CL B ORD
KINVb.ST,2019-12-31,KINNEVIK STK B ORD
ABB.ST,2019-12-31,ABB ORD
SWEDa.ST,2019-12-31,SWEDBANK ORD
ATCOa.ST,2022-12-31,ATLAS COPCO SR A ORD
SINCH.ST,2022-12-31,SINCH ORD
SAND.ST,2022-12-31,SANDVIK ORD
ATCOb.ST,2022-12-31,ATLAS COPCO SR B ORD
AZN.ST,2022-12-31,ASTRAZENECA ORD
ESSITYb.ST,2022-12-31,ESSITY AKTIEBOLAG B ORD
ELUXb.ST,2022-12-31,ELECTROLUX ORD
ALFA.ST,2022-12-31,ALFA LAVAL ORD
ASSAb.ST,2022-12-31,ASSA ABLOY ORD
INVEb.ST,2022-12-31,INVESTOR ORD
EVOG.ST,2022-12-31,EVOLUTION AB ORD
NDASE.ST,2022-12-31,NORDEA BANK ABP ORD
TEL2b.ST,2022-12-31,TELE2 ORD
BOL.ST,2022-12-31,BOLIDEN ORD
TELIA.ST,2022-12-31,TELIA CO AB ORD
ERICb.ST,2022-12-31,TELEFONAKTIEBOLAGET LM ERICSSON ORD
SEBa.ST,2022-12-31,SKANDINAVISKA ENSKILDAANKEN ORD
GETIb.ST,2022-12-31,GETINGE ORD
SKFb.ST,2022-12-31,SKF ORD
HMb.ST,2022-12-31,HENNES AND MAURITZ ORD
SBBb.ST,2022-12-31,SAMHALLSBYGGNADSBOLAGET I NORDEN AB
SCAb.ST,2022-12-31,SVENSKA CELLULOSA ORD
HEXAb.ST,2022-12-31,HEXAGON ORD
ALIVsdb.ST,2022-12-31,AUTOLIV SDR
SHBa.ST,2022-12-31,SVENSKA HANDELSBANKEN CLS A ORD
VOLVb.ST,2022-12-31,VOLVO CL B ORD
KINVb.ST,2022-12-31,KINNEVIK STK B ORD
ABB.ST,2022-12-31,ABB LTD ORD
SWEDa.ST,2022-12-31,SWEDBANK ORD
ATCOa.ST,2023-12-31,ATLAS COPCO SR A ORD
SINCH.ST,2023-12-31,SINCH ORD
SAND.ST,2023-12-31,SANDVIK ORD
ATCOb.ST,2023-12-31,ATLAS COPCO SR B ORD
AZN.ST,2023-12-31,ASTRAZENECA ORD
ESSITYb.ST,2023-12-31,ESSITY AKTIEBOLAG B ORD
ELUXb.ST,2023-12-31,ELECTROLUX ORD
NIBEb.ST,2023-12-31,NIBE INDUSTRIER ORD
ALFA.ST,2023-12-31,ALFA LAVAL ORD
ASSAb.ST,2023-12-31,ASSA ABLOY ORD
INVEb.ST,2023-12-31,INVESTOR ORD
EVOG.ST,2023-12-31,EVOLUTION AB ORD
NDASE.ST,2023-12-31,NORDEA BANK ABP ORD
TEL2b.ST,2023-12-31,TELE2 ORD
BOL.ST,2023-12-31,BOLIDEN ORD
TELIA.ST,2023-12-31,TELIA CO AB ORD
ERICb.ST,2023-12-31,TELEFONAKTIEBOLAGET LM ERICSSON ORD
SEBa.ST,2023-12-31,SKANDINAVISKA ENSKILDAANKEN ORD
GETIb.ST,2023-12-31,GETINGE ORD
SKFb.ST,2023-12-31,SKF ORD
HMb.ST,2023-12-31,HENNES AND MAURITZ ORD
SBBb.ST,2023-12-31,SAMHALLSBYGGNADSBOLAGET I NORDEN AB
SCAb.ST,2023-12-31,SVENSKA CELLULOSA ORD
HEXAb.ST,2023-12-31,HEXAGON ORD
ALIVsdb.ST,2023-12-31,AUTOLIV SDR
SHBa.ST,2023-12-31,SVENSKA HANDELSBANKEN CLS A ORD
VOLVb.ST,2023-12-31,VOLVO CL B ORD
KINVb.ST,2023-12-31,KINNEVIK STK B ORD
ABB.ST,2023-12-31,ABB LTD ORD
SWEDa.ST,2023-12-31,SWEDBANK ORD
ATCOa.ST,2024-12-31,ATLAS COPCO SR A ORD
SINCH.ST,2024-12-31,SINCH ORD
SAND.ST,2024-12-31,SANDVIK ORD
ATCOb.ST,2024-12-31,ATLAS COPCO SR B ORD
AZN.ST,2024-12-31,ASTRAZENECA ORD
ESSITYb.ST,2024-12-31,ESSITY AKTIEBOLAG B ORD
ELUXb.ST,2024-12-31,ELECTROLUX ORD
NIBEb.ST,2024-12-31,NIBE INDUSTRIER ORD
ALFA.ST,2024-12-31,ALFA LAVAL ORD
ASSAb.ST,2024-12-31,ASSA ABLOY ORD
INVEb.ST,2024-12-31,INVESTOR ORD
EVOG.ST,2024-12-31,EVOLUTION AB ORD
NDASE.ST,2024-12-31,NORDEA BANK ABP ORD
TEL2b.ST,2024-12-31,TELE2 ORD
BOL.ST,2024-12-31,BOLIDEN ORD
TELIA.ST,2024-12-31,TELIA CO AB ORD
ERICb.ST,2024-12-31,TELEFONAKTIEBOLAGET LM ERICSSON ORD
SEBa.ST,2024-12-31,SKANDINAVISKA ENSKILDAANKEN ORD
GETIb.ST,2024-12-31,GETINGE ORD
SKFb.ST,2024-12-31,SKF ORD
HMb.ST,2024-12-31,HENNES AND MAURITZ ORD
SBBb.ST,2024-12-31,SAMHALLSBYGGNADSBOLAGET I NORDEN AB
SCAb.ST,2024-12-31,SVENSKA CELLULOSA ORD
SAABb.ST,2024-12-31,SAAB ORD
HEXAb.ST,2024-12-31,HEXAGON ORD
SHBa.ST,2024-12-31,SVENSKA HANDELSBANKEN CLS A ORD
VOLVb.ST,2024-12-31,VOLVO CL B ORD
KINVb.ST,2024-12-31,KINNEVIK STK B ORD
ABB.ST,2024-12-31,ABB LTD ORD
SWEDa.ST,2024-12-31,SWEDBANK ORD
ATCOa.ST,2020-12-31,ATLAS COPCO SR A ORD
SAND.ST,2020-12-31,SANDVIK ORD
ATCOb.ST,2020-12-31,ATLAS COPCO SR B ORD
AZN.ST,2020-12-31,ASTRAZENECA ORD
ESSITYb.ST,2020-12-31,ESSITY AKTIEBOLAG B ORD
ELUXb.ST,2020-12-31,ELECTROLUX ORD
ALFA.ST,2020-12-31,ALFA LAVAL ORD
SSABa.ST,2020-12-31,SSAB SWEDISH STAL SR A ORD
ASSAb.ST,2020-12-31,ASSA ABLOY ORD
INVEb.ST,2020-12-31,INVESTOR ORD
NDASE.ST,2020-12-31,NORDEA BANK ABP ORD
SKAb.ST,2020-12-31,SKANSKA ORD
SECUb.ST,2020-12-31,SECURITAS ORD
TEL2b.ST,2020-12-31,TELE2 ORD
BOL.ST,2020-12-31,BOLIDEN ORD
SWMA.ST^A23,2020-12-31,SWEDISH MATCH ORD
TELIA.ST,2020-12-31,TELIA CO AB ORD
ERICb.ST,2020-12-31,TELEFONAKTIEBOLAGET LM ERICSSON ORD
SEBa.ST,2020-12-31,SKANDINAVISKA ENSKILDAANKEN ORD
GETIb.ST,2020-12-31,GETINGE ORD
SKFb.ST,2020-12-31,SKF ORD
HMb.ST,2020-12-31,HENNES AND MAURITZ ORD
SCAb.ST,2020-12-31,SVENSKA CELLULOSA ORD
HEXAb.ST,2020-12-31,HEXAGON ORD
ALIVsdb.ST,2020-12-31,AUTOLIV SDR
SHBa.ST,2020-12-31,SVENSKA HANDELSBANKEN ORD
VOLVb.ST,2020-12-31,VOLVO CL B ORD
KINVb.ST,2020-12-31,KINNEVIK STK B ORD
ABB.ST,2020-12-31,ABB ORD
SWEDa.ST,2020-12-31,SWEDBANK ORD
ATCOa.ST,2020-12-31,ATLAS COPCO SR A ORD
SINCH.ST,2020-12-31,SINCH ORD
SAND.ST,2020-12-31,SANDVIK ORD
ATCOb.ST,2020-12-31,ATLAS COPCO SR B ORD
AZN.ST,2020-12-31,ASTRAZENECA ORD
ESSITYb.ST,2020-12-31,ESSITY AKTIEBOLAG B ORD
ELUXb.ST,2020-12-31,ELECTROLUX ORD
ALFA.ST,2020-12-31,ALFA LAVAL ORD
ASSAb.ST,2020-12-31,ASSA ABLOY ORD
INVEb.ST,2020-12-31,INVESTOR ORD
EVOG.ST,2020-12-31,EVOLUTION AB ORD
NDASE.ST,2020-12-31,NORDEA BANK ABP ORD
SKAb.ST,2020-12-31,SKANSKA ORD
TEL2b.ST,2020-12-31,TELE2 ORD
BOL.ST,2020-12-31,BOLIDEN ORD
SWMA.ST^A23,2020-12-31,SWEDISH MATCH ORD
TELIA.ST,2020-12-31,TELIA CO AB ORD
ERICb.ST,2020-12-31,TELEFONAKTIEBOLAGET LM ERICSSON ORD
SEBa.ST,2020-12-31,SKANDINAVISKA ENSKILDAANKEN ORD
GETIb.ST,2020-12-31,GETINGE ORD
SKFb.ST,2020-12-31,SKF ORD
HMb.ST,2020-12-31,HENNES AND MAURITZ ORD
SCAb.ST,2020-12-31,SVENSKA CELLULOSA ORD
HEXAb.ST,2020-12-31,HEXAGON ORD
ALIVsdb.ST,2020-12-31,AUTOLIV SDR
SHBa.ST,2020-12-31,SVENSKA HANDELSBANKEN CLS A ORD
VOLVb.ST,2020-12-31,VOLVO CL B ORD
KINVb.ST,2020-12-31,KINNEVIK STK B ORD
ABB.ST,2020-12-31,ABB ORD
SWEDa.ST,2020-12-31,SWEDBANK ORD
